elapsed_secs,phys_footprint_mb,tombstone_bytes,alloc_live_bytes,alloc_live_mb,alloc_probe_elapsed_s,alloc_probe_seq,bytes_alloc
0,1.0,,,,,,
60,1.0,100,102000000,97.275,60,2,60600
120,1.0,100,102000000,97.275,120,4,121200
180,1.0,100,102000000,97.275,180,6,181800
240,1.0,100,102000000,97.275,240,8,242400
300,1.0,100,102000000,97.275,300,10,303000
360,1.0,100,102000000,97.275,360,12,363600
420,1.0,100,102000000,97.275,420,14,424200
480,1.0,100,102000000,97.275,480,16,484800
540,1.0,100,102000000,97.275,540,18,545400
600,1.0,100,102000000,97.275,600,20,606000
660,1.0,100,102000000,97.275,660,22,666600
720,1.0,100,102000000,97.275,720,24,727200
780,1.0,100,102000000,97.275,780,26,787800
840,1.0,100,102000000,97.275,840,28,848400
900,1.0,100,102000000,97.275,900,30,909000
