elapsed_secs,pe
300,2165.128192
360,2019.088478
420,1757.769282
480,1903.539176
540,1847.972761
600,1762.644794
660,1832.550306
720,2030.319707
780,2120.841348
840,2131.491204
900,2189.253563
960,2073.151535
1020,2167.885619
1080,2161.337899
1140,2153.543771
1200,2037.546217
1260,1728.063212
1320,1750.964405
1380,1759.146089
1440,1745.639779
1500,1757.055693
1560,1689.588847
1620,1666.207665
1680,1640.056657
1740,1770.341184
1800,1822.148060
1860,1617.228440
1920,1609.405714
1980,1633.664576
2040,1671.839547
2100,1683.706529
2160,1697.389459
2220,1815.567572
2280,1895.262154
2340,1903.870854
2400,1909.149496
2460,1680.594489
2520,1624.986816
2580,1702.637628
2640,1689.360158
2700,1777.144042
2760,1673.723309
2820,1660.693521
2880,1765.521500
2940,1731.094334
3000,1886.830579
3060,1587.012181
3120,1728.065032
3180,1737.303565
3240,1720.855977
3301,1690.734141
3360,1290.715598
3420,1448.658685
3480,1564.892190
3540,1667.653857
3600,1818.083559
3660,1473.627101
3720,1546.188798
3780,1549.780289
3840,1670.950060
3900,1634.905267
3960,1464.516413
4020,1540.340530
4080,1668.368760
4140,1636.075091
4200,1676.167338
4260,1648.959072
4320,1645.512279
4380,1659.073981
4440,1576.247877
4500,1653.555892
4560,1608.046967
4620,1603.857007
4680,1693.404140
4740,1668.905289
4800,1644.786260
4860,1459.744884
4920,1358.485281
4980,1512.230771
5040,1487.511617
5100,1542.328359
