elapsed_secs,render_class,identity_lhs,identity_rhs,identity_holds
10,CONSISTENT,0,376,0
20,TORN,0,770,
30,CONSISTENT,1000,1132,0
40,CONSISTENT,1000,1542,0
50,CONSISTENT,0,929,0
60,CONSISTENT,1000,1331,0
70,TORN,1000,1728,
80,CONSISTENT,2000,2090,0
90,CONSISTENT,1000,1359,0
100,CONSISTENT,0,714,0
110,CONSISTENT,0,964,0
120,TORN,1000,1351,
130,CONSISTENT,1000,1743,0
140,CONSISTENT,1000,1008,0
150,CONSISTENT,1000,1355,0
160,CONSISTENT,1000,1751,0
170,CONSISTENT,1000,1128,0
180,CONSISTENT,1000,1408,0
190,CONSISTENT,0,676,0
200,CONSISTENT,1000,1028,0
210,TORN,1000,1435,
220,CONSISTENT,1000,1827,0
230,CONSISTENT,1000,1105,0
240,CONSISTENT,1000,1460,0
250,CONSISTENT,1000,1861,0
260,CONSISTENT,1000,1138,0
270,CONSISTENT,1000,1513,0
280,CONSISTENT,0,716,0
290,CONSISTENT,1000,1101,0
300,CONSISTENT,1000,1473,0
310,CONSISTENT,0,714,0
320,CONSISTENT,0,989,0
330,TORN,1000,1377,
340,CONSISTENT,1000,1754,0
350,TORN,0,967,
360,CONSISTENT,1000,1355,0
370,CONSISTENT,1000,1734,0
380,CONSISTENT,1000,1035,0
390,TORN,1000,1326,
400,CONSISTENT,0,686,0
410,CONSISTENT,0,909,0
420,CONSISTENT,1000,1287,0
430,CONSISTENT,1000,1617,0
440,CONSISTENT,0,892,0
450,CONSISTENT,1000,1210,0
460,CONSISTENT,1000,1541,0
470,CONSISTENT,1000,1918,0
480,CONSISTENT,1000,1121,0
490,CONSISTENT,1000,1502,0
500,CONSISTENT,0,679,0
510,CONSISTENT,1000,1030,0
520,CONSISTENT,1000,1411,0
530,CONSISTENT,0,746,0
540,CONSISTENT,0,944,0
550,CONSISTENT,1000,1322,0
560,CONSISTENT,1000,1695,0
570,CONSISTENT,0,917,0
580,CONSISTENT,1000,1255,0
590,CONSISTENT,1000,1636,0
600,CONSISTENT,2000,2004,0
610,CONSISTENT,1000,1111,0
620,CONSISTENT,0,430,0
630,CONSISTENT,0,640,0
640,CONSISTENT,1000,1027,0
650,CONSISTENT,1000,1365,0
660,CONSISTENT,0,708,0
670,CONSISTENT,1000,1001,0
680,TORN,1000,1404,
690,CONSISTENT,0,681,0
700,CONSISTENT,1000,1006,0
710,CONSISTENT,1000,1402,0
720,CONSISTENT,0,782,0
730,CONSISTENT,1000,1031,0
740,CONSISTENT,1000,1382,0
750,TORN,1000,1770,
760,TORN,1000,1007,
771,CONSISTENT,1000,1399,0
780,TORN,1000,1751,
790,CONSISTENT,1000,1015,0
800,CONSISTENT,1000,1347,0
810,CONSISTENT,0,666,0
820,CONSISTENT,0,912,0
830,CONSISTENT,1000,1303,0
840,CONSISTENT,1000,1691,0
851,CONSISTENT,0,908,0
860,CONSISTENT,1000,1265,0
870,CONSISTENT,1000,1654,0
880,CONSISTENT,0,953,0
890,CONSISTENT,1000,1219,0
900,CONSISTENT,1000,1541,0
910,TORN,1000,1804,
920,CONSISTENT,0,990,0
930,CONSISTENT,1000,1326,0
940,CONSISTENT,1000,1695,0
950,CONSISTENT,1000,1069,0
960,CONSISTENT,1000,1281,0
970,CONSISTENT,1000,1614,0
980,TORN,0,820,
990,CONSISTENT,1000,1195,0
1000,CONSISTENT,1000,1568,0
1010,CONSISTENT,0,846,0
1020,CONSISTENT,1000,1114,0
1030,CONSISTENT,1000,1506,0
1040,CONSISTENT,1000,1885,0
1050,CONSISTENT,1000,1050,0
1060,CONSISTENT,1000,1438,0
1070,CONSISTENT,0,704,0
1080,CONSISTENT,1000,1038,0
1090,CONSISTENT,1000,1385,0
1100,CONSISTENT,1000,1762,0
1110,CONSISTENT,1000,1061,0
1120,CONSISTENT,1000,1335,0
1130,TORN,1000,1680,
1140,TORN,0,886,
1150,CONSISTENT,1000,1278,0
1160,CONSISTENT,1000,1659,0
1170,CONSISTENT,0,832,0
1180,CONSISTENT,1000,1207,0
1190,TORN,1000,1583,
1200,CONSISTENT,0,898,0
1210,CONSISTENT,1000,1143,0
1220,CONSISTENT,1000,1532,0
1230,CONSISTENT,1000,1923,0
1240,CONSISTENT,1000,1120,0
1250,CONSISTENT,0,467,0
1260,TORN,0,676,
1270,CONSISTENT,1000,1066,0
1280,CONSISTENT,1000,1453,0
1290,CONSISTENT,1000,1840,0
1300,CONSISTENT,1000,1127,0
1310,CONSISTENT,1000,1386,0
1320,CONSISTENT,0,601,0
1330,CONSISTENT,0,971,0
1340,CONSISTENT,1000,1361,0
1350,CONSISTENT,0,674,0
1360,CONSISTENT,0,924,0
1370,CONSISTENT,1000,1305,0
1380,CONSISTENT,1000,1687,0
1390,CONSISTENT,0,877,0
1400,CONSISTENT,1000,1224,0
1410,CONSISTENT,1000,1600,0
1420,CONSISTENT,0,876,0
1430,TORN,1000,1198,
1440,CONSISTENT,1000,1544,0
1450,CONSISTENT,1000,1939,0
1460,CONSISTENT,1000,1143,0
1470,CONSISTENT,0,486,0
1480,CONSISTENT,0,696,0
1490,CONSISTENT,1000,1086,0
1500,CONSISTENT,1000,1473,0
1510,CONSISTENT,1000,1742,0
1520,CONSISTENT,0,951,0
1530,TORN,1000,1305,
1540,CONSISTENT,1000,1688,0
1550,CONSISTENT,0,957,0
1560,CONSISTENT,1000,1280,0
1570,CONSISTENT,1000,1608,0
1580,CONSISTENT,0,811,0
1590,CONSISTENT,1000,1188,0
1600,TORN,1000,1572,
1610,CONSISTENT,1000,1905,0
1620,CONSISTENT,1000,1099,0
1630,CONSISTENT,1000,1485,0
1640,CONSISTENT,0,683,0
1650,CONSISTENT,1000,1073,0
1660,CONSISTENT,1000,1429,0
1670,TORN,1000,1813,
1680,CONSISTENT,1000,1018,0
1690,CONSISTENT,1000,1411,0
1700,CONSISTENT,0,638,0
1710,CONSISTENT,0,957,0
1720,CONSISTENT,1000,1348,0
1730,CONSISTENT,0,673,0
1740,CONSISTENT,0,890,0
1750,CONSISTENT,1000,1273,0
1760,TORN,1000,1658,
1770,CONSISTENT,0,870,0
1780,TORN,1000,1225,
1790,TORN,1000,1617,
1800,CONSISTENT,0,816,0
1810,CONSISTENT,1000,1100,0
1820,CONSISTENT,1000,1456,0
1830,CONSISTENT,1000,1851,0
1840,CONSISTENT,1000,1120,0
1850,CONSISTENT,1000,1453,0
1860,TORN,0,661,
1870,CONSISTENT,1000,1021,0
1880,CONSISTENT,1000,1421,0
1890,CONSISTENT,0,729,0
1900,CONSISTENT,1000,1029,0
1910,TORN,1000,1377,
1920,CONSISTENT,0,623,0
1930,TORN,0,973,
1941,CONSISTENT,1000,1369,0
1950,CONSISTENT,0,599,0
1960,TORN,0,920,
1970,CONSISTENT,1000,1312,0
1980,CONSISTENT,0,603,0
1990,TORN,0,866,
2000,CONSISTENT,1000,1269,0
2010,TORN,1000,1663,
2020,TORN,0,871,
2030,TORN,1000,1238,
2040,CONSISTENT,0,582,0
2050,CONSISTENT,0,846,0
2060,CONSISTENT,1000,1249,0
2070,CONSISTENT,1000,1607,0
2080,CONSISTENT,0,815,0
2090,CONSISTENT,1000,1203,0
2100,CONSISTENT,1000,1583,0
2110,CONSISTENT,0,687,0
2120,CONSISTENT,1000,1047,0
2130,TORN,1000,1443,
2140,CONSISTENT,1000,1847,0
2150,CONSISTENT,1000,1061,0
2160,CONSISTENT,1000,1400,0
2170,TORN,0,605,
2180,CONSISTENT,1000,1001,0
2190,CONSISTENT,1000,1387,0
2200,CONSISTENT,1000,1738,0
2210,CONSISTENT,1000,1061,0
2220,CONSISTENT,1000,1317,0
2230,TORN,0,531,
2240,TORN,0,883,
2250,CONSISTENT,1000,1274,0
2260,CONSISTENT,1000,1666,0
2270,CONSISTENT,2000,2053,0
2280,CONSISTENT,1000,1259,0
2290,CONSISTENT,0,557,0
2300,TORN,0,826,
2310,TORN,1000,1217,
2320,CONSISTENT,0,593,0
2330,CONSISTENT,0,784,0
2340,CONSISTENT,1000,1171,0
2350,CONSISTENT,1000,1570,0
2360,TORN,0,783,
2370,CONSISTENT,1000,1184,0
2380,CONSISTENT,1000,1540,0
2390,CONSISTENT,0,756,0
2400,CONSISTENT,1000,1156,0
2410,CONSISTENT,0,389,0
2420,CONSISTENT,0,636,0
2430,CONSISTENT,0,994,0
2440,TORN,1000,1383,
2450,TORN,1000,1776,
2460,CONSISTENT,0,999,0
2470,CONSISTENT,1000,1342,0
2480,CONSISTENT,0,549,0
2490,TORN,0,921,
2500,CONSISTENT,1000,1307,0
2510,CONSISTENT,1000,1640,0
2520,CONSISTENT,0,971,0
2530,CONSISTENT,1000,1223,0
2540,CONSISTENT,0,563,0
2550,CONSISTENT,0,800,0
2560,CONSISTENT,1000,1125,0
2570,CONSISTENT,1000,1496,0
2580,CONSISTENT,1000,1866,0
2590,CONSISTENT,1000,1072,0
2600,CONSISTENT,1000,1459,0
2610,TORN,1000,1799,
2620,CONSISTENT,1000,1001,0
2630,CONSISTENT,1000,1385,0
2640,CONSISTENT,1000,1766,0
2650,CONSISTENT,0,929,0
2660,CONSISTENT,1000,1304,0
2670,CONSISTENT,1000,1698,0
2680,CONSISTENT,0,896,0
2690,CONSISTENT,1000,1244,0
2700,CONSISTENT,1000,1619,0
2710,CONSISTENT,0,701,0
2720,CONSISTENT,1000,1085,0
2730,TORN,1000,1440,
2740,CONSISTENT,1000,1831,0
2750,CONSISTENT,1000,1035,0
2760,CONSISTENT,1000,1421,0
2770,CONSISTENT,0,699,0
2780,TORN,0,984,
2790,TORN,1000,1375,
2800,CONSISTENT,1000,1767,0
2811,CONSISTENT,0,968,0
2820,CONSISTENT,1000,1311,0
2830,CONSISTENT,1000,1702,0
2840,CONSISTENT,0,910,0
2850,CONSISTENT,1000,1285,0
2860,CONSISTENT,1000,1619,0
2870,TORN,0,817,
2880,CONSISTENT,1000,1202,0
2890,CONSISTENT,1000,1588,0
2900,CONSISTENT,0,743,0
2910,CONSISTENT,1000,1127,0
2920,CONSISTENT,1000,1512,0
2930,CONSISTENT,0,718,0
2940,CONSISTENT,1000,1071,0
2950,CONSISTENT,1000,1460,0
2960,CONSISTENT,0,669,0
2970,CONSISTENT,1000,1055,0
2980,CONSISTENT,1000,1387,0
2990,CONSISTENT,0,628,0
3000,CONSISTENT,0,959,0
3010,CONSISTENT,1000,1234,0
3020,CONSISTENT,0,397,0
3030,TORN,0,796,
3040,CONSISTENT,1000,1174,0
3050,CONSISTENT,1000,1565,0
3061,CONSISTENT,0,921,0
3070,TORN,1000,1118,
3080,TORN,1000,1511,
3090,CONSISTENT,0,712,0
3100,CONSISTENT,1000,1100,0
3110,CONSISTENT,1000,1452,0
3120,CONSISTENT,0,787,0
3130,CONSISTENT,1000,1042,0
3140,TORN,1000,1436,
3150,CONSISTENT,0,775,0
3160,CONSISTENT,0,987,0
3170,CONSISTENT,1000,1379,0
3180,CONSISTENT,0,732,0
3190,TORN,0,939,
3200,CONSISTENT,1000,1334,0
3210,CONSISTENT,0,720,0
3220,CONSISTENT,0,925,0
3230,CONSISTENT,1000,1281,0
3240,CONSISTENT,1000,1680,0
3250,CONSISTENT,0,880,0
3260,CONSISTENT,1000,1266,0
3270,TORN,1000,1614,
3280,CONSISTENT,0,832,0
3290,CONSISTENT,1000,1224,0
3300,CONSISTENT,1000,1611,0
3311,CONSISTENT,0,706,0
3320,CONSISTENT,1000,1064,0
3330,CONSISTENT,1000,1443,0
3340,CONSISTENT,1000,1828,0
3350,CONSISTENT,1000,1024,0
3360,TORN,1000,1373,
3370,TORN,0,582,
3380,TORN,0,972,
3390,CONSISTENT,1000,1360,0
3400,CONSISTENT,1000,1697,0
3410,CONSISTENT,0,888,0
3420,CONSISTENT,1000,1266,0
3430,TORN,1000,1634,
3440,CONSISTENT,0,801,0
3450,CONSISTENT,1000,1183,0
3460,CONSISTENT,1000,1561,0
3470,CONSISTENT,0,765,0
3480,CONSISTENT,1000,1118,0
3490,CONSISTENT,1000,1496,0
3500,CONSISTENT,0,698,0
3510,CONSISTENT,1000,1071,0
3520,CONSISTENT,1000,1443,0
3530,CONSISTENT,0,610,0
3540,TORN,1000,1004,
3550,CONSISTENT,1000,1396,0
3560,TORN,0,609,
3570,TORN,1000,1010,
3580,TORN,1000,1360,
3590,CONSISTENT,1000,1768,0
3600,CONSISTENT,1000,1033,0
3610,CONSISTENT,1000,1306,0
3620,CONSISTENT,0,478,0
3630,CONSISTENT,0,870,0
3640,CONSISTENT,1000,1248,0
3650,CONSISTENT,1000,1631,0
3660,CONSISTENT,0,951,0
3670,CONSISTENT,1000,1187,0
3680,CONSISTENT,1000,1577,0
3690,CONSISTENT,0,883,0
3700,CONSISTENT,1000,1190,0
3710,CONSISTENT,1000,1596,0
3720,CONSISTENT,0,852,0
3730,CONSISTENT,1000,1157,0
3740,CONSISTENT,1000,1556,0
3750,CONSISTENT,0,852,0
3760,CONSISTENT,1000,1161,0
3770,CONSISTENT,1000,1509,0
3780,CONSISTENT,0,775,0
3790,TORN,1000,1087,
3800,CONSISTENT,1000,1480,0
3810,CONSISTENT,0,723,0
3820,CONSISTENT,1000,1037,0
3830,CONSISTENT,1000,1441,0
3840,CONSISTENT,0,645,0
3850,CONSISTENT,1000,1031,0
3861,TORN,1000,1424,
3870,TORN,0,602,
3880,CONSISTENT,0,989,0
3890,CONSISTENT,1000,1372,0
3900,CONSISTENT,1000,1741,0
3910,CONSISTENT,0,813,0
3920,CONSISTENT,1000,1207,0
3930,CONSISTENT,1000,1589,0
3940,CONSISTENT,0,821,0
3950,TORN,1000,1145,
3960,CONSISTENT,1000,1537,0
3970,CONSISTENT,0,788,0
3980,CONSISTENT,1000,1130,0
3991,CONSISTENT,1000,1530,0
4000,CONSISTENT,0,700,0
4010,CONSISTENT,1000,1104,0
4020,CONSISTENT,1000,1496,0
4030,CONSISTENT,0,704,0
4040,CONSISTENT,1000,1063,0
4050,CONSISTENT,1000,1456,0
4060,CONSISTENT,0,821,0
4070,CONSISTENT,1000,1058,0
4080,TORN,1000,1451,
4090,CONSISTENT,1000,1801,0
4100,CONSISTENT,1000,1064,0
4110,CONSISTENT,1000,1393,0
4120,CONSISTENT,0,602,0
4130,TORN,1000,1002,
4140,CONSISTENT,1000,1359,0
4150,CONSISTENT,1000,1758,0
4160,CONSISTENT,0,973,0
4170,CONSISTENT,1000,1380,0
4180,CONSISTENT,1000,1777,0
4190,CONSISTENT,0,961,0
4200,TORN,1000,1366,
4210,CONSISTENT,0,521,0
4220,CONSISTENT,0,844,0
4231,CONSISTENT,1000,1242,0
4240,CONSISTENT,1000,1595,0
4250,CONSISTENT,0,969,0
4260,CONSISTENT,1000,1200,0
4270,CONSISTENT,0,505,0
4281,CONSISTENT,0,798,0
4290,CONSISTENT,1000,1153,0
4300,CONSISTENT,1000,1550,0
4310,CONSISTENT,0,811,0
4320,CONSISTENT,1000,1154,0
4330,TORN,1000,1510,
4340,CONSISTENT,0,768,0
4350,CONSISTENT,1000,1102,0
4360,TORN,1000,1500,
4370,CONSISTENT,0,714,0
4380,CONSISTENT,1000,1060,0
4390,CONSISTENT,1000,1459,0
4400,CONSISTENT,0,671,0
4410,CONSISTENT,1000,1053,0
4420,CONSISTENT,1000,1412,0
4430,CONSISTENT,0,619,0
4440,TORN,1000,1016,
4450,CONSISTENT,1000,1408,0
4460,CONSISTENT,0,743,0
4470,CONSISTENT,0,969,0
4480,CONSISTENT,1000,1360,0
4490,TORN,1000,1758,
4500,CONSISTENT,1000,1004,0
4510,CONSISTENT,0,247,0
4520,CONSISTENT,0,476,0
4530,CONSISTENT,0,876,0
4540,CONSISTENT,1000,1274,0
4550,CONSISTENT,1000,1677,0
4560,CONSISTENT,0,885,0
4570,CONSISTENT,1000,1247,0
4580,CONSISTENT,0,589,0
4590,CONSISTENT,0,843,0
4600,TORN,1000,1247,
4610,CONSISTENT,0,481,0
4620,TORN,0,806,
4630,CONSISTENT,1000,1209,0
4640,CONSISTENT,1000,1597,0
4650,CONSISTENT,0,913,0
4660,CONSISTENT,1000,1168,0
4670,CONSISTENT,1000,1561,0
4680,CONSISTENT,0,764,0
4690,CONSISTENT,1000,1161,0
4700,CONSISTENT,1000,1555,0
4710,TORN,0,719,
4720,CONSISTENT,1000,1128,0
4730,TORN,1000,1521,
4740,TORN,0,729,
4750,TORN,1000,1089,
4760,CONSISTENT,1000,1486,0
4770,CONSISTENT,1000,1883,0
4780,CONSISTENT,1000,1092,0
4790,CONSISTENT,1000,1486,0
4800,CONSISTENT,0,734,0
4810,CONSISTENT,1000,1006,0
4820,TORN,1000,1405,
4830,CONSISTENT,0,669,0
4840,TORN,0,965,
4850,CONSISTENT,1000,1367,0
4860,CONSISTENT,0,572,0
4870,TORN,0,970,
4880,TORN,1000,1358,
4890,TORN,1000,1713,
4900,CONSISTENT,1000,1025,0
4910,CONSISTENT,1000,1305,0
4920,CONSISTENT,0,511,0
4930,CONSISTENT,0,865,0
4940,TORN,1000,1254,
4950,CONSISTENT,1000,1653,0
4960,CONSISTENT,0,970,0
4970,CONSISTENT,1000,1243,0
4980,CONSISTENT,1000,1594,0
4990,CONSISTENT,0,798,0
5000,TORN,1000,1190,
5010,CONSISTENT,1000,1588,0
5020,CONSISTENT,0,860,0
5030,CONSISTENT,1000,1152,0
5040,TORN,1000,1551,
5050,CONSISTENT,0,791,0
5060,CONSISTENT,1000,1136,0
5070,CONSISTENT,1000,1487,0
5080,CONSISTENT,0,743,0
5090,CONSISTENT,1000,1060,0
5100,CONSISTENT,1000,1443,0
5110,CONSISTENT,0,528,0
5120,CONSISTENT,0,882,0
5130,TORN,1000,1274,
5140,CONSISTENT,1000,1668,0
5150,CONSISTENT,1000,1032,0
5160,CONSISTENT,1000,1219,0
5170,CONSISTENT,0,451,0
5180,CONSISTENT,0,819,0
5190,CONSISTENT,1000,1211,0
5200,TORN,1000,1607,
5210,CONSISTENT,0,925,0
5220,CONSISTENT,1000,1165,0
5230,CONSISTENT,1000,1563,0
5240,CONSISTENT,0,872,0
5250,CONSISTENT,1000,1157,0
5260,CONSISTENT,1000,1514,0
5270,CONSISTENT,0,783,0
5280,CONSISTENT,1000,1107,0
5290,CONSISTENT,1000,1497,0
5300,CONSISTENT,0,725,0
5310,TORN,1000,1053,
5320,CONSISTENT,1000,1433,0
5330,CONSISTENT,0,654,0
5340,CONSISTENT,0,998,0
5350,TORN,1000,1354,
5360,CONSISTENT,0,560,0
5370,CONSISTENT,0,943,0
5380,TORN,1000,1321,
5390,CONSISTENT,1000,1713,0
5400,CONSISTENT,0,992,0
5410,TORN,1000,1249,
5420,CONSISTENT,0,507,0
5430,CONSISTENT,0,831,0
5440,CONSISTENT,1000,1211,0
5450,CONSISTENT,1000,1555,0
5460,CONSISTENT,0,832,0
5470,CONSISTENT,1000,1130,0
5480,TORN,1000,1517,
5491,CONSISTENT,0,757,0
5500,CONSISTENT,1000,1067,0
5510,CONSISTENT,1000,1459,0
5520,CONSISTENT,0,668,0
5530,CONSISTENT,1000,1048,0
5540,CONSISTENT,1000,1433,0
5550,CONSISTENT,0,601,0
5560,CONSISTENT,0,984,0
5570,CONSISTENT,1000,1363,0
5580,CONSISTENT,1000,1758,0
5590,CONSISTENT,0,936,0
5600,CONSISTENT,1000,1300,0
5610,CONSISTENT,1000,1692,0
5620,CONSISTENT,0,894,0
5630,CONSISTENT,1000,1280,0
5640,CONSISTENT,1000,1642,0
5650,CONSISTENT,0,847,0
5660,CONSISTENT,1000,1230,0
5670,CONSISTENT,0,574,0
5680,CONSISTENT,0,826,0
5690,CONSISTENT,1000,1177,0
5700,CONSISTENT,1000,1565,0
5710,CONSISTENT,0,710,0
5720,CONSISTENT,1000,1030,0
5730,CONSISTENT,1000,1422,0
5740,CONSISTENT,0,652,0
5750,CONSISTENT,0,990,0
5760,CONSISTENT,1000,1382,0
5770,CONSISTENT,0,589,0
5780,CONSISTENT,0,981,0
5790,CONSISTENT,1000,1336,0
5800,CONSISTENT,1000,1735,0
5810,CONSISTENT,0,948,0
5820,CONSISTENT,1000,1342,0
5830,CONSISTENT,0,570,0
5840,CONSISTENT,0,902,0
5850,CONSISTENT,1000,1300,0
5860,CONSISTENT,1000,1689,0
5870,TORN,0,889,
5880,CONSISTENT,1000,1280,0
5890,CONSISTENT,0,556,0
5900,CONSISTENT,0,846,0
5910,CONSISTENT,1000,1239,0
5920,CONSISTENT,1000,1634,0
5930,CONSISTENT,0,933,0
5940,CONSISTENT,1000,1235,0
5950,CONSISTENT,0,471,0
5960,CONSISTENT,0,797,0
5970,CONSISTENT,1000,1187,0
5980,CONSISTENT,1000,1578,0
5990,CONSISTENT,0,804,0
6000,TORN,1000,1162,
6010,CONSISTENT,0,311,0
6020,TORN,0,648,
6030,CONSISTENT,1000,1032,0
6041,CONSISTENT,1000,1431,0
6050,CONSISTENT,0,698,0
6060,CONSISTENT,0,986,0
6070,TORN,1000,1397,
6080,CONSISTENT,0,598,0
6090,CONSISTENT,0,946,0
6100,CONSISTENT,1000,1348,0
6110,CONSISTENT,1000,1743,0
6120,CONSISTENT,0,951,0
6130,CONSISTENT,1000,1348,0
6140,CONSISTENT,1000,1698,0
6150,CONSISTENT,0,907,0
6160,CONSISTENT,1000,1304,0
6170,CONSISTENT,0,651,0
6180,CONSISTENT,0,911,0
6190,CONSISTENT,1000,1266,0
6200,CONSISTENT,0,534,0
6210,CONSISTENT,0,864,0
6220,CONSISTENT,1000,1259,0
6230,CONSISTENT,1000,1651,0
6241,CONSISTENT,0,931,0
6250,CONSISTENT,1000,1200,0
6260,CONSISTENT,1000,1589,0
6270,CONSISTENT,0,812,0
6280,CONSISTENT,1000,1187,0
6290,CONSISTENT,1000,1572,0
6300,CONSISTENT,0,737,0
6310,CONSISTENT,1000,1018,0
6320,TORN,1000,1414,
6330,CONSISTENT,1000,1801,0
6340,CONSISTENT,0,957,0
6350,TORN,1000,1351,
6360,CONSISTENT,1000,1737,0
6370,CONSISTENT,0,940,0
6380,CONSISTENT,1000,1329,0
6390,CONSISTENT,0,659,0
6400,TORN,0,900,
6410,TORN,1000,1289,
6420,CONSISTENT,0,526,0
6430,CONSISTENT,0,879,0
6440,CONSISTENT,1000,1222,0
6450,CONSISTENT,1000,1607,0
6460,CONSISTENT,0,932,0
6470,CONSISTENT,1000,1190,0
6480,TORN,1000,1536,
6490,CONSISTENT,0,727,0
6500,CONSISTENT,1000,1117,0
6510,CONSISTENT,1000,1502,0
6520,CONSISTENT,0,706,0
6530,CONSISTENT,1000,1069,0
6540,CONSISTENT,1000,1461,0
6550,CONSISTENT,0,662,0
6560,CONSISTENT,1000,1057,0
6570,CONSISTENT,1000,1461,0
6580,CONSISTENT,1000,1809,0
6590,CONSISTENT,1000,1021,0
6600,CONSISTENT,1000,1419,0
6610,CONSISTENT,0,534,0
6620,CONSISTENT,0,895,0
6630,CONSISTENT,1000,1245,0
6640,CONSISTENT,1000,1649,0
6650,CONSISTENT,0,917,0
6660,CONSISTENT,1000,1233,0
6670,CONSISTENT,1000,1626,0
6680,TORN,0,787,
6690,TORN,1000,1190,
6700,TORN,1000,1597,
6710,TORN,0,799,
6720,CONSISTENT,1000,1176,0
6730,CONSISTENT,1000,1523,0
6740,CONSISTENT,0,722,0
6750,TORN,1000,1112,
6760,CONSISTENT,1000,1503,0
6770,CONSISTENT,1000,1856,0
6780,CONSISTENT,1000,1056,0
6790,CONSISTENT,1000,1456,0
6800,CONSISTENT,0,757,0
6810,CONSISTENT,1000,1034,0
6820,CONSISTENT,1000,1419,0
6830,CONSISTENT,0,619,0
6840,CONSISTENT,0,971,0
6850,CONSISTENT,1000,1373,0
6860,CONSISTENT,0,684,0
6870,CONSISTENT,0,959,0
6880,CONSISTENT,1000,1322,0
6890,TORN,1000,1715,
6900,CONSISTENT,0,920,0
6910,CONSISTENT,1000,1202,0
6920,CONSISTENT,0,445,0
6930,CONSISTENT,0,772,0
6940,CONSISTENT,1000,1170,0
6950,CONSISTENT,1000,1556,0
6960,CONSISTENT,0,803,0
6970,CONSISTENT,1000,1163,0
6980,CONSISTENT,1000,1520,0
6990,TORN,0,724,
7000,CONSISTENT,1000,1124,0
7010,TORN,1000,1518,
7020,CONSISTENT,0,910,0
7030,CONSISTENT,1000,1079,0
7040,CONSISTENT,1000,1474,0
7050,CONSISTENT,0,731,0
7060,CONSISTENT,1000,1071,0
7070,TORN,1000,1467,
7081,CONSISTENT,0,676,0
7090,CONSISTENT,1000,1025,0
7100,TORN,1000,1421,
7110,CONSISTENT,0,620,0
7120,CONSISTENT,1000,1014,0
7130,CONSISTENT,1000,1366,0
7140,CONSISTENT,1000,1767,0
7150,TORN,0,972,
7160,TORN,1000,1372,
7170,CONSISTENT,0,716,0
7180,CONSISTENT,0,930,0
7190,TORN,1000,1328,
7200,CONSISTENT,0,601,0
7210,CONSISTENT,0,887,0
7220,TORN,1000,1238,
7230,TORN,1000,1632,
7240,CONSISTENT,0,887,0
7250,CONSISTENT,1000,1201,0
7260,CONSISTENT,0,526,0
7270,CONSISTENT,0,758,0
7280,TORN,1000,1147,
7290,CONSISTENT,1000,1546,0
7300,CONSISTENT,0,756,0
7310,CONSISTENT,1000,1154,0
7320,CONSISTENT,1000,1510,0
7330,CONSISTENT,0,714,0
7340,TORN,1000,1113,
7350,CONSISTENT,1000,1507,0
7360,CONSISTENT,1000,1906,0
7370,CONSISTENT,1000,1074,0
7380,TORN,1000,1476,
7390,TORN,0,684,
7400,CONSISTENT,1000,1081,0
7410,CONSISTENT,1000,1473,0
7420,CONSISTENT,0,776,0
7430,CONSISTENT,1000,1047,0
7440,CONSISTENT,1000,1442,0
7450,CONSISTENT,0,640,0
7460,CONSISTENT,1000,1028,0
7470,CONSISTENT,1000,1379,0
7480,CONSISTENT,0,581,0
7490,CONSISTENT,0,966,0
7500,CONSISTENT,1000,1347,0
7510,CONSISTENT,1000,1600,0
7520,CONSISTENT,0,802,0
7530,CONSISTENT,1000,1196,0
7540,CONSISTENT,1000,1581,0
7550,TORN,0,775,
7561,TORN,1000,1162,
7570,CONSISTENT,1000,1518,0
7580,CONSISTENT,0,720,0
7590,CONSISTENT,1000,1114,0
7600,CONSISTENT,1000,1513,0
7610,CONSISTENT,0,827,0
7620,TORN,1000,1073,
7630,CONSISTENT,1000,1479,0
7640,CONSISTENT,0,690,0
7650,TORN,1000,1076,
7660,CONSISTENT,1000,1465,0
7670,CONSISTENT,0,638,0
7680,CONSISTENT,1000,1034,0
7690,CONSISTENT,1000,1428,0
7700,CONSISTENT,1000,1825,0
7710,CONSISTENT,1000,1042,0
7720,CONSISTENT,1000,1391,0
7730,CONSISTENT,0,597,0
7740,TORN,1000,1002,
7750,TORN,1000,1403,
7760,CONSISTENT,0,644,0
7770,CONSISTENT,0,980,0
7780,CONSISTENT,1000,1380,0
7790,CONSISTENT,0,602,0
7800,CONSISTENT,0,996,0
7810,CONSISTENT,1000,1285,0
7820,CONSISTENT,0,657,0
7830,TORN,0,867,
7840,CONSISTENT,1000,1276,0
7850,CONSISTENT,0,526,0
7860,CONSISTENT,0,897,0
7870,CONSISTENT,1000,1302,0
7880,TORN,1000,1670,
7890,CONSISTENT,0,914,0
7900,CONSISTENT,1000,1291,0
7910,CONSISTENT,0,572,0
7920,CONSISTENT,0,923,0
7930,CONSISTENT,1000,1288,0
7940,CONSISTENT,0,615,0
7950,CONSISTENT,0,907,0
7960,CONSISTENT,1000,1302,0
7970,CONSISTENT,0,709,0
7980,CONSISTENT,0,925,0
7990,CONSISTENT,1000,1287,0
8000,CONSISTENT,1000,1691,0
8010,CONSISTENT,0,903,0
8020,CONSISTENT,1000,1307,0
8030,CONSISTENT,0,677,0
8040,CONSISTENT,0,870,0
8050,CONSISTENT,1000,1264,0
8060,CONSISTENT,0,519,0
8070,CONSISTENT,0,872,0
8080,CONSISTENT,1000,1272,0
8090,CONSISTENT,1000,1674,0
8100,CONSISTENT,0,892,0
8110,TORN,1000,1158,
8120,CONSISTENT,0,558,0
8130,CONSISTENT,0,780,0
8140,TORN,1000,1179,
8150,CONSISTENT,1000,1582,0
8160,CONSISTENT,0,923,0
8170,TORN,1000,1156,
8180,CONSISTENT,1000,1560,0
8190,CONSISTENT,0,778,0
8200,CONSISTENT,1000,1183,0
8210,TORN,1000,1548,
8220,CONSISTENT,0,754,0
8230,CONSISTENT,1000,1155,0
8240,CONSISTENT,0,532,0
8250,CONSISTENT,0,787,0
8260,CONSISTENT,1000,1155,0
8270,TORN,1000,1555,
8280,CONSISTENT,0,880,0
8290,TORN,1000,1168,
8300,CONSISTENT,1000,1565,0
8310,TORN,0,779,
8320,CONSISTENT,1000,1147,0
8330,CONSISTENT,1000,1550,0
8340,CONSISTENT,0,764,0
8350,CONSISTENT,1000,1165,0
8360,CONSISTENT,1000,1575,0
8370,CONSISTENT,0,896,0
8380,CONSISTENT,1000,1137,0
8390,CONSISTENT,0,408,0
8400,CONSISTENT,0,747,0
8410,CONSISTENT,1000,1034,0
8420,CONSISTENT,1000,1444,0
8430,CONSISTENT,0,619,0
8440,CONSISTENT,1000,1023,0
8450,TORN,1000,1434,
8460,CONSISTENT,0,789,0
8470,CONSISTENT,1000,1048,0
8480,CONSISTENT,1000,1417,0
8490,CONSISTENT,0,640,0
8500,CONSISTENT,1000,1027,0
8510,CONSISTENT,1000,1433,0
8520,CONSISTENT,0,698,0
8530,CONSISTENT,1000,1048,0
8540,TORN,1000,1412,
8550,CONSISTENT,1000,1819,0
8560,CONSISTENT,1000,1039,0
8570,TORN,1000,1443,
8580,CONSISTENT,0,705,0
8590,TORN,1000,1068,
8600,CONSISTENT,1000,1425,0
8610,CONSISTENT,0,637,0
8620,TORN,1000,1045,
8630,CONSISTENT,1000,1448,0
8640,CONSISTENT,1000,1844,0
8650,CONSISTENT,1000,1012,0
8660,CONSISTENT,1000,1426,0
8670,CONSISTENT,0,786,0
8680,CONSISTENT,1000,1037,0
8690,CONSISTENT,1000,1443,0
8700,CONSISTENT,0,668,0
8710,CONSISTENT,0,936,0
8720,CONSISTENT,1000,1349,0
8730,CONSISTENT,1000,1754,0
8740,CONSISTENT,0,972,0
8750,CONSISTENT,1000,1345,0
8760,CONSISTENT,0,751,0
8770,CONSISTENT,0,963,0
8780,CONSISTENT,1000,1365,0
8790,CONSISTENT,0,603,0
8800,CONSISTENT,0,990,0
8810,CONSISTENT,1000,1355,0
8820,CONSISTENT,1000,1765,0
8830,TORN,0,975,
8840,CONSISTENT,1000,1383,0
8850,CONSISTENT,1000,1781,0
8860,CONSISTENT,0,967,0
8870,CONSISTENT,1000,1372,0
8880,CONSISTENT,0,667,0
8890,CONSISTENT,0,979,0
8900,CONSISTENT,1000,1381,0
8910,CONSISTENT,0,634,0
8920,CONSISTENT,0,960,0
8930,CONSISTENT,1000,1367,0
8940,TORN,1000,1770,
8950,CONSISTENT,0,980,0
8960,TORN,1000,1384,
8970,CONSISTENT,0,650,0
8980,CONSISTENT,0,967,0
8990,TORN,1000,1345,
9000,CONSISTENT,0,600,0
9010,CONSISTENT,0,897,0
9020,TORN,1000,1259,
9030,CONSISTENT,1000,1656,0
9040,CONSISTENT,0,865,0
9050,CONSISTENT,1000,1261,0
9060,CONSISTENT,1000,1670,0
9070,CONSISTENT,0,844,0
9080,CONSISTENT,1000,1245,0
9090,CONSISTENT,0,555,0
9100,CONSISTENT,0,862,0
9110,CONSISTENT,1000,1271,0
9120,CONSISTENT,1000,1627,0
9130,CONSISTENT,0,898,0
9140,CONSISTENT,1000,1248,0
9150,CONSISTENT,0,459,0
9160,TORN,0,864,
9170,TORN,1000,1268,
9180,CONSISTENT,1000,1632,0
9190,TORN,0,846,
9200,CONSISTENT,1000,1249,0
9210,CONSISTENT,1000,1664,0
9220,TORN,0,873,
9230,CONSISTENT,1000,1238,0
9240,CONSISTENT,1000,1638,0
9250,CONSISTENT,0,873,0
9260,CONSISTENT,1000,1258,0
9270,CONSISTENT,0,619,0
9280,CONSISTENT,0,860,0
9290,CONSISTENT,1000,1230,0
9300,CONSISTENT,0,541,0
9310,CONSISTENT,0,821,0
9320,TORN,1000,1235,
9330,CONSISTENT,0,450,0
9340,TORN,0,810,
9350,CONSISTENT,1000,1217,0
9360,TORN,1000,1624,
9370,CONSISTENT,0,853,0
9380,CONSISTENT,1000,1253,0
9390,CONSISTENT,1000,1618,0
9400,CONSISTENT,0,836,0
9410,TORN,1000,1232,
9420,TORN,1000,1644,
9430,CONSISTENT,0,941,0
9440,CONSISTENT,1000,1219,0
9450,CONSISTENT,1000,1636,0
9460,CONSISTENT,0,846,0
9470,TORN,1000,1248,
9480,CONSISTENT,1000,1652,0
9490,CONSISTENT,0,862,0
9500,CONSISTENT,1000,1229,0
9510,CONSISTENT,0,530,0
9520,TORN,0,850,
9530,CONSISTENT,1000,1255,0
9540,CONSISTENT,1000,1662,0
9550,CONSISTENT,0,832,0
9560,TORN,1000,1171,
9570,CONSISTENT,1000,1571,0
9580,CONSISTENT,0,835,0
9590,CONSISTENT,1000,1186,0
9600,CONSISTENT,1000,1571,0
9610,CONSISTENT,0,652,0
9620,TORN,1000,1058,
9630,CONSISTENT,1000,1457,0
9640,CONSISTENT,0,859,0
9650,CONSISTENT,1000,1073,0
9660,CONSISTENT,1000,1471,0
9670,CONSISTENT,0,686,0
9680,CONSISTENT,1000,1045,0
9690,CONSISTENT,1000,1450,0
9700,CONSISTENT,0,657,0
9710,CONSISTENT,1000,1055,0
9720,CONSISTENT,1000,1457,0
9730,TORN,1000,1810,
9740,CONSISTENT,1000,1017,0
9750,CONSISTENT,1000,1415,0
9760,CONSISTENT,0,769,0
9770,TORN,1000,1017,
9780,CONSISTENT,1000,1383,0
9790,CONSISTENT,0,610,0
9800,CONSISTENT,0,996,0
9810,TORN,1000,1406,
9820,CONSISTENT,1000,1804,0
9830,CONSISTENT,1000,1007,0
9840,CONSISTENT,1000,1369,0
9850,CONSISTENT,1000,1773,0
9860,TORN,0,986,
9870,CONSISTENT,1000,1395,0
9880,CONSISTENT,0,655,0
9890,CONSISTENT,0,966,0
9900,CONSISTENT,1000,1354,0
9910,CONSISTENT,0,441,0
9920,CONSISTENT,0,837,0
9930,CONSISTENT,1000,1242,0
9940,CONSISTENT,1000,1589,0
9950,TORN,0,804,
9960,TORN,1000,1203,
9970,CONSISTENT,0,546,0
9980,CONSISTENT,0,797,0
9990,CONSISTENT,1000,1194,0
10000,CONSISTENT,1000,1559,0
10010,CONSISTENT,0,878,0
10020,CONSISTENT,1000,1173,0
10030,CONSISTENT,1000,1580,0
10040,CONSISTENT,0,786,0
10050,TORN,1000,1147,
10060,CONSISTENT,1000,1555,0
10070,TORN,0,764,
10080,CONSISTENT,1000,1169,0
10090,CONSISTENT,0,501,0
10100,CONSISTENT,0,782,0
10110,CONSISTENT,1000,1145,0
10120,CONSISTENT,1000,1551,0
10130,CONSISTENT,0,881,0
10140,TORN,1000,1166,
10150,CONSISTENT,1000,1573,0
10160,CONSISTENT,0,776,0
10170,TORN,1000,1139,
10180,CONSISTENT,1000,1543,0
10190,CONSISTENT,0,762,0
10200,CONSISTENT,1000,1146,0
10210,CONSISTENT,1000,1440,0
10220,CONSISTENT,0,724,0
10230,TORN,1000,1021,
10240,CONSISTENT,1000,1428,0
10250,CONSISTENT,0,636,0
10260,CONSISTENT,1000,1036,0
10270,CONSISTENT,1000,1436,0
10280,CONSISTENT,1000,1794,0
10290,CONSISTENT,1000,1002,0
10300,CONSISTENT,1000,1407,0
10310,CONSISTENT,1000,1804,0
10320,TORN,1000,1012,
10330,CONSISTENT,1000,1375,0
10340,CONSISTENT,0,687,0
10350,TORN,0,983,
10360,CONSISTENT,1000,1380,0
10370,CONSISTENT,0,593,0
10380,CONSISTENT,0,999,0
10390,CONSISTENT,1000,1359,0
10400,CONSISTENT,1000,1761,0
10410,CONSISTENT,0,978,0
10420,CONSISTENT,1000,1378,0
10430,CONSISTENT,0,762,0
10440,CONSISTENT,0,998,0
10450,TORN,1000,1361,
10460,CONSISTENT,0,626,0
10470,CONSISTENT,0,980,0
10480,CONSISTENT,1000,1375,0
10490,CONSISTENT,0,586,0
10500,CONSISTENT,0,954,0
10510,TORN,1000,1232,
10520,CONSISTENT,1000,1636,0
10530,CONSISTENT,0,842,0
10540,CONSISTENT,1000,1252,0
10550,CONSISTENT,0,503,0
10560,CONSISTENT,0,821,0
10570,CONSISTENT,1000,1223,0
10580,CONSISTENT,1000,1625,0
10590,CONSISTENT,0,879,0
10600,CONSISTENT,1000,1236,0
10610,CONSISTENT,1000,1642,0
10620,CONSISTENT,0,814,0
10630,TORN,1000,1212,
10640,CONSISTENT,0,563,0
10650,CONSISTENT,0,822,0
10660,CONSISTENT,1000,1229,0
10670,CONSISTENT,1000,1588,0
10680,CONSISTENT,0,891,0
10690,TORN,1000,1207,
10700,CONSISTENT,0,413,0
10710,CONSISTENT,0,815,0
10720,CONSISTENT,1000,1214,0
10730,CONSISTENT,1000,1583,0
10740,CONSISTENT,0,792,0
10750,CONSISTENT,1000,1187,0
10760,CONSISTENT,1000,1587,0
10770,CONSISTENT,0,792,0
10780,CONSISTENT,1000,1138,0
10790,CONSISTENT,1000,1522,0
10800,CONSISTENT,0,821,0
10810,CONSISTENT,1000,1092,0
10820,CONSISTENT,1000,1484,0
10830,TORN,0,693,
10840,CONSISTENT,1000,1018,0
10850,CONSISTENT,1000,1385,0
10860,CONSISTENT,0,592,0
10870,TORN,0,992,
10880,CONSISTENT,1000,1395,0
10890,CONSISTENT,1000,1751,0
10900,CONSISTENT,0,960,0
10910,CONSISTENT,1000,1363,0
10920,CONSISTENT,0,712,0
10930,CONSISTENT,0,966,0
10940,TORN,1000,1374,
10950,CONSISTENT,0,656,0
10960,CONSISTENT,0,935,0
10970,CONSISTENT,1000,1333,0
10980,CONSISTENT,0,538,0
10990,CONSISTENT,0,937,0
11000,CONSISTENT,1000,1341,0
11010,CONSISTENT,1000,1695,0
11020,CONSISTENT,0,903,0
11030,TORN,1000,1312,
11040,CONSISTENT,0,692,0
11050,TORN,0,922,
11060,CONSISTENT,1000,1320,0
11070,CONSISTENT,0,551,0
11080,CONSISTENT,0,899,0
11090,CONSISTENT,1000,1292,0
11100,CONSISTENT,1000,1682,0
11110,CONSISTENT,0,785,0
11120,CONSISTENT,1000,1154,0
11130,CONSISTENT,0,554,0
11140,CONSISTENT,0,754,0
11150,TORN,1000,1140,
11160,CONSISTENT,1000,1540,0
11170,TORN,1000,1900,
11180,TORN,1000,1111,
11190,CONSISTENT,0,485,0
11200,CONSISTENT,0,719,0
11210,CONSISTENT,1000,1110,0
11220,TORN,1000,1469,
11230,CONSISTENT,0,671,0
11240,CONSISTENT,1000,1069,0
11250,CONSISTENT,1000,1446,0
11260,CONSISTENT,0,662,0
11270,CONSISTENT,1000,1020,0
11280,CONSISTENT,1000,1424,0
11290,CONSISTENT,1000,1826,0
11300,CONSISTENT,1000,1038,0
11310,CONSISTENT,1000,1443,0
11320,CONSISTENT,0,689,0
11330,CONSISTENT,1000,1004,0
11340,CONSISTENT,1000,1405,0
11350,CONSISTENT,0,625,0
11360,CONSISTENT,1000,1020,0
11370,CONSISTENT,1000,1413,0
11380,CONSISTENT,0,778,0
11390,CONSISTENT,0,988,0
11400,CONSISTENT,1000,1374,0
11410,CONSISTENT,0,621,0
11420,CONSISTENT,0,867,0
11430,CONSISTENT,1000,1219,0
11440,CONSISTENT,1000,1624,0
11450,TORN,0,833,
11460,CONSISTENT,1000,1237,0
11470,CONSISTENT,1000,1644,0
11480,CONSISTENT,0,887,0
11490,CONSISTENT,1000,1211,0
11500,CONSISTENT,1000,1615,0
11510,TORN,0,822,
11520,TORN,1000,1219,
11530,CONSISTENT,0,597,0
11540,CONSISTENT,0,791,0
11550,CONSISTENT,1000,1188,0
11560,CONSISTENT,1000,1594,0
11570,CONSISTENT,0,818,0
11580,CONSISTENT,1000,1196,0
11590,CONSISTENT,1000,1560,0
11600,CONSISTENT,0,775,0
11610,TORN,1000,1170,
11620,CONSISTENT,1000,1571,0
11630,CONSISTENT,0,777,0
11640,CONSISTENT,1000,1182,0
11650,CONSISTENT,1000,1544,0
11660,CONSISTENT,0,874,0
11670,CONSISTENT,1000,1172,0
11680,TORN,1000,1571,
11690,CONSISTENT,0,849,0
11700,CONSISTENT,1000,1152,0
11710,CONSISTENT,1000,1418,0
11720,CONSISTENT,0,628,0
11730,TORN,1000,1025,
11740,CONSISTENT,1000,1428,0
11750,CONSISTENT,1000,1806,0
11760,CONSISTENT,0,976,0
11770,CONSISTENT,1000,1367,0
11780,TORN,0,562,
11790,CONSISTENT,0,947,0
11800,TORN,1000,1336,
11810,CONSISTENT,0,689,0
11820,CONSISTENT,0,901,0
11830,CONSISTENT,1000,1296,0
11840,CONSISTENT,0,526,0
11850,CONSISTENT,0,905,0
11860,TORN,1000,1296,
11870,CONSISTENT,1000,1654,0
11880,CONSISTENT,0,896,0
11890,CONSISTENT,1000,1265,0
11900,CONSISTENT,1000,1665,0
11910,CONSISTENT,0,875,0
11920,CONSISTENT,1000,1230,0
11930,CONSISTENT,0,582,0
11940,CONSISTENT,0,844,0
11950,CONSISTENT,1000,1251,0
11960,TORN,1000,1651,
11970,CONSISTENT,0,861,0
11980,CONSISTENT,1000,1216,0
11990,CONSISTENT,1000,1610,0
12000,CONSISTENT,0,837,0
12010,CONSISTENT,1000,1107,0
12020,TORN,1000,1505,
12030,CONSISTENT,1000,1911,0
12040,CONSISTENT,1000,1074,0
12050,CONSISTENT,1000,1452,0
12060,CONSISTENT,0,761,0
12070,CONSISTENT,1000,1048,0
12080,TORN,1000,1447,
12090,CONSISTENT,0,653,0
12100,CONSISTENT,1000,1009,0
12110,CONSISTENT,1000,1407,0
12120,CONSISTENT,0,714,0
12130,CONSISTENT,1000,1031,0
12140,CONSISTENT,1000,1435,0
12151,CONSISTENT,1000,1834,0
12160,CONSISTENT,1000,1004,0
12170,TORN,1000,1402,
12180,CONSISTENT,0,704,0
12190,CONSISTENT,1000,1008,0
12200,TORN,1000,1373,
12210,CONSISTENT,0,563,0
12220,CONSISTENT,0,956,0
12230,CONSISTENT,1000,1347,0
12240,CONSISTENT,1000,1749,0
12250,CONSISTENT,0,916,0
12260,TORN,1000,1316,
12270,CONSISTENT,1000,1705,0
12280,TORN,0,882,
12290,CONSISTENT,1000,1272,0
12301,CONSISTENT,0,563,0
12310,CONSISTENT,0,810,0
12320,TORN,1000,1208,
12330,CONSISTENT,1000,1601,0
12340,CONSISTENT,0,915,0
12350,CONSISTENT,1000,1175,0
12360,TORN,0,539,
12370,TORN,0,749,
12380,CONSISTENT,1000,1142,0
12390,TORN,1000,1543,
12400,TORN,0,745,
12410,CONSISTENT,1000,1092,0
12420,CONSISTENT,1000,1488,0
12430,CONSISTENT,1000,1896,0
12440,CONSISTENT,1000,1114,0
12450,CONSISTENT,1000,1440,0
12460,CONSISTENT,0,635,0
12470,CONSISTENT,1000,1029,0
12480,CONSISTENT,1000,1426,0
12490,CONSISTENT,0,685,0
12501,CONSISTENT,1000,1018,0
12510,CONSISTENT,1000,1380,0
12520,CONSISTENT,0,582,0
12530,CONSISTENT,0,954,0
12540,CONSISTENT,1000,1322,0
12550,CONSISTENT,1000,1662,0
12560,CONSISTENT,0,873,0
12570,CONSISTENT,1000,1273,0
12580,CONSISTENT,1000,1672,0
12590,TORN,0,887,
12601,CONSISTENT,1000,1258,0
12610,CONSISTENT,0,389,0
12620,TORN,0,734,
12630,CONSISTENT,1000,1141,0
12640,CONSISTENT,1000,1537,0
12650,TORN,0,739,
12660,CONSISTENT,1000,1073,0
12670,CONSISTENT,1000,1439,0
12680,CONSISTENT,0,636,0
12690,CONSISTENT,1000,1019,0
12700,CONSISTENT,1000,1414,0
12710,CONSISTENT,1000,1740,0
12720,CONSISTENT,0,933,0
12730,CONSISTENT,1000,1338,0
12740,CONSISTENT,1000,1738,0
12750,TORN,0,944,
12760,CONSISTENT,1000,1344,0
12770,CONSISTENT,0,582,0
12780,CONSISTENT,0,912,0
12790,CONSISTENT,1000,1311,0
12800,CONSISTENT,1000,1705,0
12810,CONSISTENT,0,932,0
12820,CONSISTENT,1000,1272,0
12830,CONSISTENT,0,477,0
12840,CONSISTENT,0,872,0
12850,CONSISTENT,1000,1269,0
12860,CONSISTENT,0,596,0
12870,TORN,0,868,
12880,CONSISTENT,1000,1231,0
12890,CONSISTENT,1000,1630,0
12900,CONSISTENT,0,946,0
12910,CONSISTENT,1000,1232,0
12920,CONSISTENT,0,451,0
12930,TORN,0,813,
12940,CONSISTENT,1000,1217,0
12950,CONSISTENT,1000,1614,0
12960,CONSISTENT,0,825,0
12970,CONSISTENT,1000,1225,0
12980,CONSISTENT,1000,1629,0
12990,CONSISTENT,0,791,0
13000,CONSISTENT,1000,1187,0
13010,CONSISTENT,1000,1584,0
13020,CONSISTENT,0,854,0
13030,CONSISTENT,1000,1179,0
13040,CONSISTENT,1000,1514,0
13050,CONSISTENT,0,712,0
13060,CONSISTENT,1000,1108,0
13070,CONSISTENT,0,467,0
13080,CONSISTENT,0,675,0
13090,TORN,1000,1072,
13100,CONSISTENT,1000,1427,0
13110,CONSISTENT,0,814,0
13120,CONSISTENT,1000,1016,0
13130,CONSISTENT,1000,1406,0
13140,CONSISTENT,0,627,0
13150,CONSISTENT,0,964,0
13160,CONSISTENT,1000,1335,0
13170,CONSISTENT,0,543,0
13180,CONSISTENT,0,908,0
13190,CONSISTENT,1000,1267,0
13200,TORN,1000,1623,
13210,CONSISTENT,0,708,0
13220,CONSISTENT,1000,1088,0
13230,CONSISTENT,1000,1472,0
13240,CONSISTENT,1000,1865,0
13250,CONSISTENT,1000,1032,0
13260,CONSISTENT,1000,1422,0
13270,CONSISTENT,0,740,0
13280,CONSISTENT,1000,1013,0
13290,TORN,1000,1405,
13300,CONSISTENT,0,566,0
13310,CONSISTENT,0,934,0
13320,CONSISTENT,1000,1322,0
13330,CONSISTENT,1000,1663,0
13340,CONSISTENT,0,877,0
13350,TORN,1000,1242,
13360,CONSISTENT,1000,1590,0
13370,CONSISTENT,0,759,0
13380,CONSISTENT,1000,1103,0
13390,CONSISTENT,1000,1495,0
13400,CONSISTENT,1000,1876,0
13410,TORN,1000,1038,
13420,CONSISTENT,0,390,0
13430,TORN,0,579,
13440,TORN,0,958,
13450,CONSISTENT,1000,1343,0
13460,CONSISTENT,0,579,0
13470,CONSISTENT,0,857,0
13480,CONSISTENT,1000,1232,0
13490,CONSISTENT,1000,1590,0
13500,CONSISTENT,0,760,0
13510,CONSISTENT,0,995,0
13520,TORN,1000,1296,
13530,CONSISTENT,0,570,0
13540,CONSISTENT,0,804,0
13550,CONSISTENT,1000,1158,0
13560,TORN,1000,1510,
13570,CONSISTENT,0,854,0
13580,CONSISTENT,1000,1093,0
13590,CONSISTENT,1000,1480,0
13600,CONSISTENT,0,684,0
13610,CONSISTENT,1000,1039,0
13620,CONSISTENT,1000,1412,0
13630,CONSISTENT,0,584,0
13640,CONSISTENT,0,939,0
13650,CONSISTENT,1000,1285,0
13660,CONSISTENT,1000,1610,0
13670,CONSISTENT,0,813,0
13680,CONSISTENT,1000,1193,0
13690,CONSISTENT,0,533,0
13700,CONSISTENT,0,774,0
13710,CONSISTENT,1000,1159,0
13720,CONSISTENT,1000,1498,0
13730,CONSISTENT,0,825,0
13740,CONSISTENT,1000,1051,0
13750,CONSISTENT,1000,1405,0
13760,CONSISTENT,0,619,0
13770,CONSISTENT,0,927,0
13780,CONSISTENT,1000,1267,0
13790,CONSISTENT,1000,1560,0
13800,CONSISTENT,0,762,0
13810,CONSISTENT,0,962,0
13820,CONSISTENT,1000,1231,0
13830,CONSISTENT,0,485,0
13840,TORN,0,660,
13850,CONSISTENT,0,898,0
13860,TORN,1000,1198,
13870,CONSISTENT,1000,1559,0
13880,CONSISTENT,0,743,0
13890,CONSISTENT,1000,1097,0
13900,CONSISTENT,1000,1425,0
13910,CONSISTENT,0,620,0
13920,CONSISTENT,0,980,0
13930,CONSISTENT,1000,1357,0
13940,CONSISTENT,1000,1723,0
13951,CONSISTENT,0,904,0
13960,TORN,1000,1227,
13970,CONSISTENT,1000,1571,0
13980,TORN,0,750,
13990,CONSISTENT,1000,1010,0
14000,TORN,1000,1343,
14010,TORN,0,538,
14020,CONSISTENT,0,919,0
14030,CONSISTENT,1000,1292,0
14040,CONSISTENT,1000,1623,0
14050,CONSISTENT,0,812,0
14060,CONSISTENT,1000,1183,0
14070,CONSISTENT,0,481,0
14081,CONSISTENT,0,725,0
14090,CONSISTENT,0,967,0
14100,CONSISTENT,1000,1286,0
14111,CONSISTENT,0,504,0
14120,CONSISTENT,0,684,0
14130,TORN,1000,1010,
14140,TORN,1000,1359,
14150,TORN,1000,1735,
14160,TORN,0,897,
14170,CONSISTENT,1000,1265,0
14180,CONSISTENT,1000,1639,0
14190,TORN,0,836,
14200,CONSISTENT,1000,1210,0
14210,CONSISTENT,0,511,0
14220,CONSISTENT,0,708,0
14230,CONSISTENT,1000,1038,0
14240,CONSISTENT,1000,1398,0
14250,CONSISTENT,1000,1775,0
14261,CONSISTENT,0,943,0
14270,CONSISTENT,1000,1263,0
14280,CONSISTENT,0,588,0
14290,TORN,0,794,
14300,CONSISTENT,1000,1159,0
14310,CONSISTENT,0,456,0
14320,CONSISTENT,0,684,0
14330,CONSISTENT,1000,1054,0
14340,CONSISTENT,1000,1430,0
14350,CONSISTENT,0,740,0
14360,TORN,0,971,
14370,CONSISTENT,1000,1296,0
14380,CONSISTENT,0,474,0
14390,CONSISTENT,0,826,0
14401,CONSISTENT,1000,1188,0
14410,CONSISTENT,1000,1428,0
14420,TORN,0,615,
14430,TORN,0,990,
14440,CONSISTENT,1000,1343,0
14450,CONSISTENT,1000,1672,0
14460,CONSISTENT,0,847,0
14470,CONSISTENT,1000,1147,0
14480,CONSISTENT,1000,1510,0
14490,CONSISTENT,0,701,0
14500,CONSISTENT,1000,1067,0
14510,TORN,1000,1421,
14520,CONSISTENT,1000,1734,0
14530,CONSISTENT,0,905,0
14540,CONSISTENT,1000,1235,0
14550,CONSISTENT,1000,1545,0
14560,CONSISTENT,0,728,0
14570,CONSISTENT,1000,1042,0
14580,CONSISTENT,1000,1398,0
14590,TORN,1000,1745,
14600,CONSISTENT,0,931,0
14610,CONSISTENT,1000,1285,0
14620,CONSISTENT,0,555,0
14630,TORN,0,779,
14640,CONSISTENT,1000,1136,0
14650,TORN,1000,1502,
14660,CONSISTENT,0,763,0
14670,CONSISTENT,0,997,0
14680,TORN,1000,1347,
14690,CONSISTENT,0,525,0
14700,CONSISTENT,0,859,0
14710,TORN,1000,1119,
14720,CONSISTENT,1000,1441,0
14730,CONSISTENT,0,625,0
14740,CONSISTENT,0,988,0
14750,CONSISTENT,1000,1323,0
14760,CONSISTENT,1000,1565,0
14770,CONSISTENT,0,701,0
14780,TORN,1000,1010,
14790,CONSISTENT,1000,1311,0
14801,CONSISTENT,0,613,0
14810,CONSISTENT,0,758,0
14820,CONSISTENT,1000,1091,0
14830,CONSISTENT,1000,1375,0
14840,CONSISTENT,0,536,0
14850,CONSISTENT,0,836,0
14860,CONSISTENT,1000,1111,0
14870,CONSISTENT,1000,1437,0
14880,CONSISTENT,0,722,0
14890,TORN,0,898,
14900,CONSISTENT,1000,1147,0
14910,CONSISTENT,0,421,0
14920,CONSISTENT,0,585,0
14930,CONSISTENT,0,880,0
14940,CONSISTENT,1000,1141,0
14950,CONSISTENT,1000,1409,0
14960,CONSISTENT,0,563,0
14970,TORN,0,850,
14980,TORN,1000,1133,
14990,CONSISTENT,1000,1396,0
15000,CONSISTENT,0,556,0
15010,TORN,0,761,
15020,CONSISTENT,1000,1060,0
15030,CONSISTENT,1000,1353,0
15040,CONSISTENT,0,482,0
15050,CONSISTENT,0,757,0
15060,CONSISTENT,1000,1046,0
15070,TORN,1000,1383,
15081,CONSISTENT,0,533,0
15090,CONSISTENT,0,792,0
15100,TORN,1000,1035,
15110,CONSISTENT,1000,1345,0
15120,CONSISTENT,0,518,0
15130,CONSISTENT,0,819,0
15140,CONSISTENT,1000,1122,0
15150,TORN,1000,1430,
15160,CONSISTENT,0,570,0
15170,TORN,0,952,
15180,TORN,1000,1310,
15190,CONSISTENT,1000,1712,0
15200,TORN,0,915,
15210,CONSISTENT,1000,1304,0
15220,CONSISTENT,0,654,0
15230,CONSISTENT,0,870,0
15240,CONSISTENT,1000,1264,0
15250,CONSISTENT,0,525,0
15260,CONSISTENT,0,860,0
15270,CONSISTENT,1000,1244,0
15280,CONSISTENT,1000,1586,0
15290,CONSISTENT,0,819,0
15300,CONSISTENT,1000,1136,0
15310,CONSISTENT,1000,1397,0
15320,CONSISTENT,0,603,0
15330,CONSISTENT,0,936,0
15340,CONSISTENT,1000,1304,0
15350,CONSISTENT,1000,1677,0
15360,TORN,0,868,
15370,CONSISTENT,1000,1244,0
15380,CONSISTENT,1000,1577,0
15390,CONSISTENT,0,763,0
15400,CONSISTENT,1000,1116,0
15410,CONSISTENT,1000,1481,0
15420,CONSISTENT,0,683,0
15430,CONSISTENT,1000,1065,0
15440,CONSISTENT,1000,1389,0
15450,CONSISTENT,0,582,0
15460,TORN,0,970,
15470,CONSISTENT,1000,1346,0
15480,CONSISTENT,1000,1728,0
15490,CONSISTENT,0,919,0
15500,TORN,1000,1252,
15510,CONSISTENT,1000,1626,0
15520,CONSISTENT,0,824,0
15530,CONSISTENT,1000,1204,0
15540,CONSISTENT,0,531,0
15550,CONSISTENT,0,777,0
15560,CONSISTENT,1000,1130,0
15570,TORN,1000,1509,
15580,CONSISTENT,0,883,0
15590,TORN,1000,1088,
15600,CONSISTENT,1000,1451,0
15610,CONSISTENT,0,532,0
15620,CONSISTENT,0,904,0
15630,TORN,1000,1267,
15640,CONSISTENT,1000,1640,0
15650,CONSISTENT,0,877,0
15660,CONSISTENT,1000,1216,0
15670,CONSISTENT,1000,1564,0
15680,CONSISTENT,0,764,0
15690,CONSISTENT,1000,1147,0
15700,CONSISTENT,1000,1538,0
15710,CONSISTENT,0,736,0
15720,CONSISTENT,1000,1088,0
15730,CONSISTENT,0,446,0
15740,TORN,0,667,
15750,CONSISTENT,1000,1048,0
15760,CONSISTENT,1000,1438,0
15770,TORN,1000,1784,
15780,CONSISTENT,0,989,0
15790,TORN,1000,1371,
15800,CONSISTENT,0,630,0
15810,CONSISTENT,0,955,0
15820,CONSISTENT,1000,1315,0
15830,CONSISTENT,1000,1650,0
15840,CONSISTENT,0,836,0
15850,CONSISTENT,1000,1215,0
15860,CONSISTENT,1000,1612,0
15870,CONSISTENT,0,823,0
15880,CONSISTENT,1000,1178,0
15890,CONSISTENT,1000,1571,0
15900,CONSISTENT,0,774,0
15910,CONSISTENT,1000,1039,0
15920,CONSISTENT,1000,1432,0
15930,CONSISTENT,0,803,0
15940,CONSISTENT,0,971,0
15950,TORN,1000,1352,
15960,CONSISTENT,0,712,0
15970,TORN,0,946,
15980,CONSISTENT,1000,1307,0
15990,CONSISTENT,0,572,0
16000,CONSISTENT,0,836,0
16010,CONSISTENT,1000,1220,0
16020,CONSISTENT,1000,1608,0
16030,CONSISTENT,0,934,0
16040,CONSISTENT,1000,1178,0
16050,CONSISTENT,0,431,0
16060,CONSISTENT,0,698,0
16070,CONSISTENT,1000,1065,0
16080,CONSISTENT,1000,1433,0
16090,TORN,0,618,
16100,CONSISTENT,0,966,0
16110,CONSISTENT,1000,1281,0
16120,CONSISTENT,1000,1605,0
16130,CONSISTENT,0,894,0
16140,CONSISTENT,1000,1138,0
16150,CONSISTENT,1000,1488,0
16160,CONSISTENT,0,790,0
16170,CONSISTENT,0,989,0
16180,CONSISTENT,1000,1361,0
16190,CONSISTENT,0,653,0
16200,CONSISTENT,0,898,0
16210,CONSISTENT,1000,1130,0
16220,TORN,1000,1456,
16230,CONSISTENT,0,788,0
16240,CONSISTENT,1000,1031,0
16250,CONSISTENT,1000,1392,0
16260,CONSISTENT,0,670,0
16270,CONSISTENT,0,926,0
16280,CONSISTENT,1000,1300,0
16290,CONSISTENT,0,515,0
16300,CONSISTENT,0,854,0
16310,CONSISTENT,1000,1223,0
16320,CONSISTENT,1000,1527,0
16330,CONSISTENT,0,789,0
16340,CONSISTENT,1000,1045,0
16350,TORN,1000,1425,
16360,TORN,0,618,
16370,CONSISTENT,0,925,0
16380,CONSISTENT,1000,1298,0
16390,TORN,1000,1659,
16400,CONSISTENT,0,861,0
16410,TORN,1000,1193,
16420,CONSISTENT,1000,1520,0
16430,TORN,0,682,
16440,CONSISTENT,0,992,0
16450,CONSISTENT,1000,1352,0
16460,TORN,1000,1678,
16470,CONSISTENT,0,881,0
16480,CONSISTENT,1000,1145,0
16490,TORN,1000,1490,
16500,CONSISTENT,0,662,0
16510,CONSISTENT,0,928,0
16520,TORN,1000,1257,
16530,CONSISTENT,1000,1592,0
16540,CONSISTENT,0,774,0
16550,CONSISTENT,1000,1112,0
16560,CONSISTENT,1000,1443,0
16570,TORN,0,632,
16580,TORN,1000,1008,
16590,CONSISTENT,1000,1379,0
16600,CONSISTENT,1000,1750,0
16610,TORN,0,939,
16620,CONSISTENT,1000,1258,0
16630,CONSISTENT,1000,1618,0
16640,TORN,0,793,
16650,CONSISTENT,1000,1144,0
16660,CONSISTENT,0,380,0
16670,CONSISTENT,0,593,0
16680,CONSISTENT,0,942,0
16690,TORN,1000,1317,
16700,CONSISTENT,1000,1684,0
16710,TORN,0,862,
16720,CONSISTENT,1000,1177,0
16730,CONSISTENT,0,465,0
16740,TORN,0,699,
16750,CONSISTENT,1000,1058,0
16760,CONSISTENT,1000,1386,0
16770,CONSISTENT,0,679,0
16780,CONSISTENT,0,898,0
16790,CONSISTENT,1000,1263,0
16800,CONSISTENT,0,487,0
16810,CONSISTENT,0,681,0
16820,CONSISTENT,0,979,0
16830,CONSISTENT,1000,1315,0
16840,CONSISTENT,0,516,0
16850,CONSISTENT,0,843,0
16860,CONSISTENT,1000,1122,0
16870,TORN,1000,1470,
16880,CONSISTENT,0,652,0
16890,CONSISTENT,0,941,0
16900,TORN,1000,1284,
16910,CONSISTENT,1000,1611,0
16920,CONSISTENT,0,764,0
16930,TORN,1000,1106,
16940,CONSISTENT,1000,1437,0
16950,CONSISTENT,0,599,0
16960,CONSISTENT,0,888,0
16970,CONSISTENT,1000,1210,0
16980,CONSISTENT,1000,1544,0
16990,CONSISTENT,0,731,0
17000,CONSISTENT,1000,1047,0
17010,CONSISTENT,1000,1376,0
17020,CONSISTENT,0,536,0
17030,TORN,0,899,
17040,CONSISTENT,1000,1257,0
17050,TORN,1000,1604,
17060,CONSISTENT,0,739,0
17070,CONSISTENT,1000,1056,0
17080,CONSISTENT,1000,1419,0
17090,TORN,0,617,
17100,CONSISTENT,0,969,0
17110,CONSISTENT,1000,1196,0
17120,CONSISTENT,0,542,0
17130,CONSISTENT,0,731,0
17140,CONSISTENT,1000,1096,0
17150,TORN,1000,1460,
17160,CONSISTENT,1000,1798,0
17170,CONSISTENT,0,941,0
17180,CONSISTENT,1000,1311,0
17190,CONSISTENT,0,638,0
17200,CONSISTENT,0,878,0
17210,CONSISTENT,1000,1249,0
17220,CONSISTENT,0,434,0
17230,CONSISTENT,0,773,0
17240,CONSISTENT,1000,1133,0
17250,CONSISTENT,1000,1494,0
17260,CONSISTENT,0,738,0
17270,CONSISTENT,1000,1041,0
17280,TORN,1000,1366,
17290,CONSISTENT,0,552,0
17300,CONSISTENT,0,917,0
17310,TORN,1000,1285,
17320,CONSISTENT,1000,1661,0
17330,CONSISTENT,0,835,0
17340,TORN,1000,1189,
17350,CONSISTENT,1000,1562,0
17360,CONSISTENT,0,751,0
17370,CONSISTENT,1000,1116,0
17380,CONSISTENT,1000,1442,0
17390,CONSISTENT,0,628,0
17400,CONSISTENT,0,979,0
17410,TORN,1000,1229,
17420,CONSISTENT,0,555,0
17430,CONSISTENT,0,731,0
17440,CONSISTENT,1000,1066,0
17450,CONSISTENT,1000,1402,0
17460,CONSISTENT,1000,1748,0
17471,CONSISTENT,0,944,0
17480,CONSISTENT,1000,1263,0
17490,CONSISTENT,0,573,0
17500,TORN,0,804,
17510,CONSISTENT,1000,1148,0
17520,CONSISTENT,1000,1436,0
17530,CONSISTENT,0,682,0
17540,CONSISTENT,0,878,0
17550,CONSISTENT,1000,1160,0
17560,CONSISTENT,1000,1430,0
17570,CONSISTENT,0,573,0
17580,CONSISTENT,0,753,0
17590,CONSISTENT,1000,1015,0
17600,CONSISTENT,1000,1272,0
17610,CONSISTENT,0,464,0
17620,CONSISTENT,0,651,0
17630,CONSISTENT,0,914,0
17640,CONSISTENT,1000,1187,0
17650,CONSISTENT,0,370,0
17660,CONSISTENT,0,599,0
17670,CONSISTENT,0,875,0
17680,CONSISTENT,1000,1162,0
17690,CONSISTENT,0,310,0
17700,TORN,0,546,
17710,CONSISTENT,0,728,0
17720,CONSISTENT,0,999,0
17730,CONSISTENT,1000,1284,0
17740,CONSISTENT,0,419,0
17750,CONSISTENT,0,662,0
17760,CONSISTENT,0,931,0
17770,CONSISTENT,1000,1224,0
17781,CONSISTENT,1000,1475,0
17790,CONSISTENT,0,641,0
17800,CONSISTENT,0,879,0
17810,CONSISTENT,1000,1169,0
17820,CONSISTENT,1000,1447,0
17830,CONSISTENT,0,604,0
17840,TORN,0,930,
17850,CONSISTENT,1000,1307,0
17860,CONSISTENT,0,519,0
17870,CONSISTENT,0,893,0
17880,TORN,1000,1232,
17890,CONSISTENT,1000,1624,0
17900,CONSISTENT,0,828,0
17910,CONSISTENT,1000,1189,0
17920,CONSISTENT,1000,1565,0
17930,TORN,0,720,
17940,CONSISTENT,1000,1088,0
17950,CONSISTENT,1000,1458,0
17960,CONSISTENT,0,647,0
17970,CONSISTENT,0,965,0
17980,CONSISTENT,1000,1255,0
17990,CONSISTENT,1000,1564,0
18000,CONSISTENT,0,751,0
18010,TORN,0,989,
18020,CONSISTENT,1000,1357,0
18030,TORN,1000,1681,
18040,CONSISTENT,0,860,0
18050,CONSISTENT,1000,1192,0
18060,CONSISTENT,1000,1525,0
18070,CONSISTENT,0,678,0
18080,CONSISTENT,1000,1012,0
18090,CONSISTENT,1000,1364,0
18100,CONSISTENT,0,580,0
18110,CONSISTENT,0,906,0
18120,CONSISTENT,1000,1239,0
18130,CONSISTENT,1000,1614,0
18140,CONSISTENT,0,881,0
18150,TORN,1000,1195,
18160,CONSISTENT,1000,1542,0
18170,CONSISTENT,0,670,0
18180,CONSISTENT,1000,1032,0
18190,CONSISTENT,1000,1386,0
18200,CONSISTENT,0,563,0
18210,CONSISTENT,0,895,0
18220,TORN,1000,1181,
18230,CONSISTENT,1000,1499,0
18240,CONSISTENT,0,690,0
18250,CONSISTENT,1000,1034,0
18260,CONSISTENT,1000,1331,0
18270,CONSISTENT,1000,1654,0
18280,CONSISTENT,0,821,0
18290,CONSISTENT,1000,1171,0
18300,CONSISTENT,1000,1483,0
18311,CONSISTENT,0,575,0
18320,TORN,0,882,
18330,CONSISTENT,1000,1220,0
18340,CONSISTENT,1000,1551,0
18350,TORN,0,713,
18360,CONSISTENT,0,982,0
18370,CONSISTENT,1000,1236,0
18380,CONSISTENT,1000,1511,0
18390,TORN,0,636,
18400,CONSISTENT,0,883,0
18410,CONSISTENT,1000,1096,0
18420,CONSISTENT,1000,1346,0
18430,CONSISTENT,0,498,0
18440,CONSISTENT,0,726,0
18450,TORN,0,987,
18460,TORN,1000,1233,
18470,CONSISTENT,0,422,0
18480,CONSISTENT,0,657,0
18490,TORN,0,942,
18500,CONSISTENT,1000,1243,0
18510,CONSISTENT,0,476,0
18520,CONSISTENT,0,791,0
18530,CONSISTENT,1000,1162,0
18540,CONSISTENT,1000,1536,0
18550,CONSISTENT,0,755,0
18560,CONSISTENT,1000,1041,0
18570,CONSISTENT,1000,1385,0
18580,CONSISTENT,0,591,0
18590,CONSISTENT,0,958,0
18600,CONSISTENT,1000,1319,0
18610,CONSISTENT,1000,1545,0
18620,TORN,0,726,
18630,CONSISTENT,1000,1062,0
18640,CONSISTENT,1000,1370,0
18650,CONSISTENT,0,502,0
18660,CONSISTENT,0,812,0
18670,CONSISTENT,1000,1168,0
18680,TORN,1000,1542,
18690,CONSISTENT,0,781,0
18700,TORN,1000,1014,
18710,CONSISTENT,1000,1379,0
18720,CONSISTENT,0,587,0
18730,CONSISTENT,0,887,0
18740,CONSISTENT,1000,1252,0
18750,CONSISTENT,1000,1614,0
18760,CONSISTENT,0,871,0
18770,CONSISTENT,1000,1159,0
18780,CONSISTENT,1000,1487,0
18790,CONSISTENT,0,724,0
18800,CONSISTENT,1000,1031,0
18810,CONSISTENT,1000,1403,0
18820,TORN,0,599,
18830,CONSISTENT,0,924,0
18840,CONSISTENT,1000,1282,0
18850,TORN,1000,1650,
18860,CONSISTENT,0,828,0
18870,CONSISTENT,1000,1171,0
18880,TORN,1000,1506,
18890,CONSISTENT,0,647,0
18900,CONSISTENT,0,987,0
18910,CONSISTENT,1000,1241,0
18920,CONSISTENT,1000,1588,0
18930,CONSISTENT,0,741,0
18940,CONSISTENT,1000,1112,0
18950,CONSISTENT,1000,1470,0
18960,CONSISTENT,0,709,0
18970,CONSISTENT,0,980,0
18980,CONSISTENT,1000,1321,0
18990,TORN,1000,1607,
19000,CONSISTENT,0,783,0
19010,CONSISTENT,1000,1111,0
19020,TORN,1000,1447,
19030,CONSISTENT,0,748,0
19040,CONSISTENT,0,928,0
19050,CONSISTENT,1000,1252,0
19060,CONSISTENT,0,539,0
19070,CONSISTENT,0,767,0
19080,CONSISTENT,1000,1042,0
19090,CONSISTENT,1000,1276,0
19100,CONSISTENT,1000,1511,0
19110,CONSISTENT,0,632,0
19120,CONSISTENT,0,829,0
19130,CONSISTENT,1000,1070,0
19140,CONSISTENT,1000,1316,0
19150,CONSISTENT,0,441,0
19160,CONSISTENT,0,694,0
19170,TORN,0,910,
19180,CONSISTENT,1000,1153,0
19190,CONSISTENT,0,282,0
19200,CONSISTENT,0,525,0
19211,CONSISTENT,0,690,0
19220,CONSISTENT,0,922,0
19230,CONSISTENT,1000,1160,0
19240,CONSISTENT,0,308,0
19250,CONSISTENT,0,512,0
19260,CONSISTENT,0,695,0
19270,CONSISTENT,0,946,0
19280,TORN,1000,1203,
19290,CONSISTENT,0,457,0
19300,TORN,0,607,
19310,CONSISTENT,0,818,0
19320,CONSISTENT,1000,1075,0
19330,CONSISTENT,0,298,0
19340,CONSISTENT,0,453,0
19350,CONSISTENT,0,682,0
19360,CONSISTENT,0,940,0
19370,CONSISTENT,1000,1189,0
19380,CONSISTENT,1000,1445,0
19390,CONSISTENT,0,588,0
19400,CONSISTENT,0,836,0
19410,TORN,1000,1112,
19420,CONSISTENT,1000,1391,0
19430,CONSISTENT,0,521,0
19440,CONSISTENT,0,742,0
19450,CONSISTENT,0,969,0
19460,CONSISTENT,1000,1223,0
19470,CONSISTENT,0,377,0
19480,CONSISTENT,0,624,0
19490,CONSISTENT,0,854,0
19500,CONSISTENT,1000,1074,0
19510,CONSISTENT,1000,1238,0
19520,CONSISTENT,0,389,0
19530,CONSISTENT,0,603,0
19540,CONSISTENT,0,855,0
19550,CONSISTENT,1000,1055,0
19560,CONSISTENT,1000,1309,0
19570,CONSISTENT,0,452,0
19580,CONSISTENT,0,670,0
19590,CONSISTENT,0,923,0
19600,CONSISTENT,1000,1129,0
19610,CONSISTENT,1000,1367,0
19620,CONSISTENT,0,501,0
19630,CONSISTENT,0,736,0
19640,CONSISTENT,0,986,0
19650,CONSISTENT,1000,1204,0
19660,CONSISTENT,0,373,0
19670,CONSISTENT,0,577,0
19680,CONSISTENT,0,813,0
19690,CONSISTENT,1000,1050,0
19700,CONSISTENT,1000,1280,0
19710,CONSISTENT,0,437,0
19720,CONSISTENT,0,661,0
19730,TORN,0,906,
19740,CONSISTENT,1000,1193,0
19750,CONSISTENT,0,386,0
19760,CONSISTENT,0,621,0
19770,CONSISTENT,0,898,0
19780,CONSISTENT,1000,1239,0
19790,CONSISTENT,0,438,0
19800,CONSISTENT,0,696,0
19810,CONSISTENT,0,878,0
19820,TORN,1000,1126,
19830,CONSISTENT,1000,1456,0
19840,CONSISTENT,0,651,0
19850,CONSISTENT,0,919,0
19860,CONSISTENT,1000,1290,0
19870,CONSISTENT,0,543,0
19880,CONSISTENT,0,770,0
19890,CONSISTENT,1000,1099,0
19900,CONSISTENT,1000,1473,0
19910,CONSISTENT,0,658,0
19920,CONSISTENT,1000,1024,0
19930,CONSISTENT,1000,1388,0
19940,CONSISTENT,1000,1756,0
19950,TORN,0,912,
19960,TORN,1000,1278,
19970,CONSISTENT,1000,1637,0
19980,TORN,0,824,
19991,CONSISTENT,1000,1189,0
20000,CONSISTENT,1000,1517,0
20010,CONSISTENT,0,804,0
20020,CONSISTENT,0,967,0
20030,CONSISTENT,1000,1204,0
20040,CONSISTENT,0,424,0
20050,TORN,0,563,
20060,CONSISTENT,0,826,0
20070,CONSISTENT,1000,1156,0
20080,CONSISTENT,1000,1406,0
20090,CONSISTENT,0,518,0
20100,CONSISTENT,0,797,0
20110,CONSISTENT,0,993,0
20120,CONSISTENT,1000,1263,0
20130,CONSISTENT,1000,1509,0
20140,TORN,0,604,
20150,CONSISTENT,0,881,0
20160,CONSISTENT,1000,1156,0
20170,CONSISTENT,1000,1414,0
20180,CONSISTENT,0,565,0
20190,CONSISTENT,0,820,0
20200,CONSISTENT,1000,1090,0
20210,CONSISTENT,1000,1325,0
20220,CONSISTENT,0,468,0
20231,CONSISTENT,0,715,0
20240,CONSISTENT,0,931,0
20250,CONSISTENT,1000,1181,0
20260,CONSISTENT,0,357,0
20270,CONSISTENT,0,539,0
20280,CONSISTENT,0,744,0
20290,CONSISTENT,0,973,0
20300,CONSISTENT,1000,1196,0
20310,CONSISTENT,1000,1443,0
20320,TORN,0,566,
20330,TORN,0,788,
20340,CONSISTENT,1000,1028,0
20350,CONSISTENT,1000,1255,0
20360,TORN,0,382,
20370,CONSISTENT,0,610,0
20380,CONSISTENT,0,822,0
20390,CONSISTENT,1000,1058,0
20400,CONSISTENT,1000,1271,0
20410,CONSISTENT,0,321,0
20420,CONSISTENT,0,539,0
20430,CONSISTENT,0,776,0
20440,CONSISTENT,1000,1016,0
20450,TORN,1000,1236,
20460,CONSISTENT,0,399,0
20470,CONSISTENT,0,628,0
20480,CONSISTENT,0,916,0
20490,CONSISTENT,1000,1198,0
20500,CONSISTENT,0,435,0
20510,CONSISTENT,0,716,0
20521,TORN,1000,1031,
20530,CONSISTENT,1000,1335,0
20540,CONSISTENT,0,528,0
20550,CONSISTENT,0,777,0
20560,CONSISTENT,1000,1005,0
20570,CONSISTENT,1000,1172,0
20580,CONSISTENT,0,331,0
20590,CONSISTENT,0,439,0
20600,CONSISTENT,0,681,0
20610,CONSISTENT,0,961,0
20620,CONSISTENT,1000,1244,0
20630,TORN,1000,1527,
20640,CONSISTENT,0,626,0
20650,CONSISTENT,0,916,0
20660,CONSISTENT,1000,1212,0
20670,CONSISTENT,1000,1512,0
20680,CONSISTENT,0,738,0
20690,CONSISTENT,0,948,0
20700,CONSISTENT,1000,1215,0
20710,CONSISTENT,0,279,0
20720,CONSISTENT,0,559,0
20730,CONSISTENT,0,845,0
20740,CONSISTENT,1000,1106,0
20750,CONSISTENT,1000,1364,0
20760,CONSISTENT,0,544,0
20770,CONSISTENT,0,709,0
20780,CONSISTENT,0,921,0
20790,CONSISTENT,1000,1130,0
20800,CONSISTENT,1000,1358,0
20810,CONSISTENT,0,467,0
20820,CONSISTENT,0,691,0
20830,CONSISTENT,0,893,0
20840,CONSISTENT,1000,1130,0
20850,CONSISTENT,1000,1360,0
20860,CONSISTENT,0,472,0
20870,CONSISTENT,0,637,0
20880,CONSISTENT,0,823,0
20890,CONSISTENT,1000,1041,0
20900,CONSISTENT,1000,1233,0
20910,CONSISTENT,0,398,0
20920,CONSISTENT,0,538,0
20930,CONSISTENT,0,731,0
20940,CONSISTENT,0,924,0
20950,CONSISTENT,1000,1114,0
20960,CONSISTENT,1000,1285,0
20970,CONSISTENT,0,396,0
20980,CONSISTENT,0,590,0
20990,CONSISTENT,0,820,0
21000,CONSISTENT,1000,1056,0
21010,CONSISTENT,1000,1194,0
21020,CONSISTENT,0,317,0
21030,CONSISTENT,0,557,0
21040,CONSISTENT,0,775,0
21050,CONSISTENT,1000,1002,0
21060,CONSISTENT,1000,1216,0
21070,CONSISTENT,0,394,0
21080,CONSISTENT,0,563,0
21090,TORN,0,786,
21100,CONSISTENT,0,985,0
21110,CONSISTENT,1000,1196,0
21120,CONSISTENT,1000,1411,0
21130,CONSISTENT,0,515,0
21140,CONSISTENT,0,726,0
21150,CONSISTENT,0,917,0
21160,TORN,1000,1118,
21170,CONSISTENT,1000,1326,0
21180,CONSISTENT,0,432,0
21190,CONSISTENT,0,637,0
21200,TORN,0,831,
21210,TORN,1000,1119,
21220,CONSISTENT,1000,1400,0
21230,CONSISTENT,0,569,0
21240,CONSISTENT,0,782,0
21250,CONSISTENT,1000,1052,0
21260,CONSISTENT,1000,1340,0
21270,CONSISTENT,0,555,0
21280,CONSISTENT,0,750,0
21290,CONSISTENT,1000,1038,0
21300,CONSISTENT,1000,1331,0
21310,CONSISTENT,0,418,0
21320,CONSISTENT,0,685,0
21330,CONSISTENT,0,964,0
21340,CONSISTENT,1000,1254,0
21350,CONSISTENT,0,521,0
21360,CONSISTENT,0,699,0
21370,TORN,0,992,
21380,CONSISTENT,1000,1251,0
21390,CONSISTENT,1000,1539,0
21400,CONSISTENT,0,679,0
21410,CONSISTENT,0,923,0
21420,CONSISTENT,1000,1145,0
21430,CONSISTENT,1000,1380,0
21440,TORN,0,494,
21450,CONSISTENT,0,779,0
21460,CONSISTENT,1000,1007,0
21470,CONSISTENT,1000,1301,0
21480,CONSISTENT,0,460,0
21490,CONSISTENT,0,754,0
21500,CONSISTENT,1000,1051,0
21510,CONSISTENT,1000,1315,0
21520,CONSISTENT,0,465,0
21530,CONSISTENT,0,732,0
21540,CONSISTENT,1000,1024,0
21550,CONSISTENT,1000,1297,0
21560,CONSISTENT,0,408,0
21570,CONSISTENT,0,691,0
21580,CONSISTENT,0,969,0
21590,TORN,1000,1244,
21600,CONSISTENT,0,390,0
21610,CONSISTENT,0,561,0
21620,CONSISTENT,0,845,0
21630,CONSISTENT,1000,1120,0
21640,CONSISTENT,1000,1400,0
21650,CONSISTENT,0,520,0
21660,CONSISTENT,0,751,0
21670,CONSISTENT,0,978,0
21680,CONSISTENT,1000,1213,0
21690,CONSISTENT,0,345,0
21700,CONSISTENT,0,595,0
21711,CONSISTENT,0,883,0
21720,CONSISTENT,1000,1126,0
21730,CONSISTENT,1000,1406,0
21740,CONSISTENT,0,584,0
21750,CONSISTENT,0,831,0
21760,CONSISTENT,1000,1078,0
21770,CONSISTENT,1000,1364,0
21780,CONSISTENT,0,529,0
21790,CONSISTENT,0,806,0
21800,CONSISTENT,1000,1088,0
21810,CONSISTENT,1000,1373,0
21820,CONSISTENT,0,603,0
21830,CONSISTENT,0,768,0
21840,TORN,1000,1058,
21850,CONSISTENT,1000,1341,0
21860,CONSISTENT,0,530,0
21870,CONSISTENT,0,695,0
21880,CONSISTENT,0,913,0
21891,CONSISTENT,1000,1155,0
21900,CONSISTENT,0,338,0
21910,CONSISTENT,0,466,0
21920,CONSISTENT,0,697,0
21930,CONSISTENT,0,944,0
21941,CONSISTENT,1000,1199,0
21950,CONSISTENT,1000,1393,0
21960,CONSISTENT,0,498,0
21970,CONSISTENT,0,707,0
21980,CONSISTENT,0,943,0
21991,CONSISTENT,1000,1176,0
22000,CONSISTENT,1000,1400,0
22010,CONSISTENT,0,531,0
22020,CONSISTENT,0,788,0
22030,CONSISTENT,1000,1028,0
22040,TORN,1000,1260,
22050,CONSISTENT,0,387,0
22060,CONSISTENT,0,640,0
22070,CONSISTENT,0,891,0
22080,CONSISTENT,1000,1153,0
22091,CONSISTENT,0,362,0
22100,CONSISTENT,0,506,0
22110,CONSISTENT,0,778,0
22120,CONSISTENT,1000,1048,0
22130,CONSISTENT,1000,1300,0
22140,CONSISTENT,0,483,0
22150,CONSISTENT,0,663,0
22160,TORN,0,915,
22170,CONSISTENT,1000,1181,0
22180,CONSISTENT,0,388,0
22190,CONSISTENT,0,570,0
22200,TORN,0,860,
22210,CONSISTENT,1000,1059,0
22220,CONSISTENT,1000,1335,0
22231,CONSISTENT,0,546,0
22240,CONSISTENT,0,686,0
22250,CONSISTENT,0,930,0
22260,CONSISTENT,1000,1167,0
22270,CONSISTENT,0,372,0
22280,CONSISTENT,0,580,0
22290,CONSISTENT,0,837,0
22300,CONSISTENT,1000,1104,0
22310,TORN,1000,1385,
22320,CONSISTENT,0,530,0
22330,CONSISTENT,0,807,0
22340,CONSISTENT,1000,1064,0
22350,CONSISTENT,1000,1322,0
22360,CONSISTENT,1000,1610,0
22370,CONSISTENT,0,746,0
22380,TORN,0,993,
22390,CONSISTENT,1000,1259,0
22400,CONSISTENT,1000,1525,0
22410,CONSISTENT,0,667,0
22420,TORN,0,876,
22430,CONSISTENT,1000,1117,0
22440,CONSISTENT,1000,1373,0
22450,CONSISTENT,0,534,0
22460,CONSISTENT,0,783,0
22470,CONSISTENT,0,985,0
22480,CONSISTENT,1000,1221,0
22490,CONSISTENT,0,326,0
22500,CONSISTENT,0,557,0
22511,TORN,0,735,
22520,CONSISTENT,0,926,0
22530,CONSISTENT,1000,1134,0
22540,CONSISTENT,1000,1371,0
22550,CONSISTENT,0,510,0
22560,CONSISTENT,0,702,0
22570,CONSISTENT,0,922,0
22580,CONSISTENT,1000,1195,0
22590,CONSISTENT,0,423,0
22600,CONSISTENT,0,574,0
22610,CONSISTENT,0,788,0
22620,TORN,1000,1054,
22630,TORN,1000,1323,
22640,CONSISTENT,1000,1610,0
22650,CONSISTENT,0,711,0
22660,CONSISTENT,0,917,0
22670,CONSISTENT,1000,1132,0
22680,CONSISTENT,1000,1338,0
22690,CONSISTENT,0,442,0
22700,TORN,0,719,
22710,CONSISTENT,0,981,0
22721,CONSISTENT,1000,1193,0
22730,CONSISTENT,0,311,0
22740,CONSISTENT,0,604,0
22750,CONSISTENT,0,912,0
22760,TORN,1000,1194,
22770,CONSISTENT,1000,1447,0
22780,CONSISTENT,0,594,0
22790,TORN,0,860,
22800,CONSISTENT,1000,1149,0
22810,CONSISTENT,1000,1342,0
22820,CONSISTENT,0,561,0
22830,TORN,0,753,
22840,CONSISTENT,1000,1061,0
22850,CONSISTENT,1000,1384,0
22860,CONSISTENT,1000,1721,0
22870,CONSISTENT,0,849,0
22880,CONSISTENT,1000,1181,0
22890,CONSISTENT,0,470,0
22900,CONSISTENT,0,668,0
22910,CONSISTENT,0,995,0
22920,CONSISTENT,1000,1257,0
22930,CONSISTENT,0,550,0
22940,CONSISTENT,0,707,0
22950,TORN,0,963,
22960,CONSISTENT,1000,1232,0
22970,CONSISTENT,1000,1434,0
22980,CONSISTENT,0,554,0
22990,CONSISTENT,0,793,0
23000,CONSISTENT,1000,1055,0
23010,CONSISTENT,1000,1317,0
23020,CONSISTENT,0,468,0
23030,CONSISTENT,0,641,0
23040,CONSISTENT,0,887,0
23050,CONSISTENT,1000,1138,0
23061,CONSISTENT,1000,1384,0
23070,TORN,0,485,
23080,CONSISTENT,0,708,0
23090,TORN,0,986,
23100,CONSISTENT,1000,1253,0
23110,CONSISTENT,1000,1404,0
23120,CONSISTENT,0,544,0
23130,CONSISTENT,0,836,0
23140,CONSISTENT,1000,1181,0
23150,TORN,1000,1521,
23160,TORN,0,673,
23170,CONSISTENT,1000,1011,0
23180,CONSISTENT,1000,1377,0
23190,CONSISTENT,1000,1737,0
23200,TORN,0,920,
23210,CONSISTENT,1000,1233,0
23220,CONSISTENT,0,494,0
23230,CONSISTENT,0,765,0
23240,CONSISTENT,1000,1093,0
23250,CONSISTENT,1000,1409,0
23261,CONSISTENT,0,581,0
23270,CONSISTENT,0,887,0
23280,CONSISTENT,1000,1234,0
23290,CONSISTENT,1000,1585,0
23300,CONSISTENT,0,767,0
23311,CONSISTENT,1000,1113,0
23320,CONSISTENT,1000,1439,0
23330,CONSISTENT,0,610,0
23340,CONSISTENT,0,950,0
23350,CONSISTENT,1000,1301,0
23360,CONSISTENT,1000,1646,0
23370,TORN,0,795,
23380,CONSISTENT,1000,1152,0
23390,CONSISTENT,1000,1498,0
23400,CONSISTENT,0,687,0
23410,CONSISTENT,0,923,0
23420,CONSISTENT,1000,1269,0
23430,CONSISTENT,1000,1555,0
23440,CONSISTENT,0,729,0
23450,TORN,1000,1012,
23460,TORN,1000,1315,
23470,CONSISTENT,0,454,0
23480,CONSISTENT,0,794,0
23490,CONSISTENT,1000,1120,0
23500,CONSISTENT,1000,1449,0
23510,CONSISTENT,0,609,0
23520,CONSISTENT,0,912,0
23530,CONSISTENT,1000,1245,0
23540,CONSISTENT,1000,1561,0
23550,CONSISTENT,0,733,0
23561,CONSISTENT,1000,1061,0
23570,CONSISTENT,1000,1370,0
23580,TORN,1000,1701,
23590,CONSISTENT,0,886,0
23600,CONSISTENT,1000,1219,0
23610,CONSISTENT,0,446,0
23620,CONSISTENT,0,682,0
23630,CONSISTENT,1000,1011,0
23640,CONSISTENT,1000,1339,0
23650,CONSISTENT,0,546,0
23660,CONSISTENT,0,787,0
23670,TORN,1000,1119,
23680,TORN,1000,1445,
23690,CONSISTENT,0,615,0
23700,TORN,0,897,
23710,CONSISTENT,1000,1139,0
23720,CONSISTENT,1000,1456,0
23730,CONSISTENT,0,608,0
23740,CONSISTENT,0,854,0
23750,CONSISTENT,1000,1142,0
23760,CONSISTENT,1000,1427,0
23770,CONSISTENT,0,587,0
23780,CONSISTENT,0,873,0
23790,TORN,1000,1143,
23800,CONSISTENT,1000,1472,0
23810,CONSISTENT,0,632,0
23820,CONSISTENT,0,947,0
23830,CONSISTENT,1000,1268,0
23840,CONSISTENT,0,542,0
23850,CONSISTENT,0,704,0
23860,CONSISTENT,0,983,0
23870,CONSISTENT,1000,1246,0
23880,CONSISTENT,0,481,0
23890,CONSISTENT,0,595,0
23900,CONSISTENT,0,868,0
23910,CONSISTENT,1000,1118,0
23920,CONSISTENT,0,355,0
23930,CONSISTENT,0,531,0
23940,CONSISTENT,0,787,0
23950,CONSISTENT,1000,1067,0
23960,CONSISTENT,1000,1312,0
23970,CONSISTENT,1000,1524,0
23980,CONSISTENT,0,656,0
23990,TORN,0,925,
24000,CONSISTENT,1000,1204,0
24010,CONSISTENT,1000,1410,0
24020,CONSISTENT,0,555,0
24030,CONSISTENT,0,772,0
24040,CONSISTENT,1000,1054,0
24050,CONSISTENT,0,327,0
24060,TORN,0,470,
24071,TORN,0,757,
24080,CONSISTENT,0,999,0
24090,CONSISTENT,1000,1223,0
24100,CONSISTENT,1000,1473,0
24110,CONSISTENT,0,598,0
24120,CONSISTENT,0,875,0
24130,CONSISTENT,1000,1137,0
24140,TORN,1000,1406,
24150,CONSISTENT,0,527,0
24160,CONSISTENT,0,759,0
24170,CONSISTENT,1000,1004,0
24180,CONSISTENT,1000,1284,0
24190,CONSISTENT,0,431,0
24200,CONSISTENT,0,714,0
24210,CONSISTENT,0,999,0
24220,CONSISTENT,1000,1257,0
24230,TORN,0,399,
24240,CONSISTENT,0,687,0
24250,CONSISTENT,0,981,0
24260,CONSISTENT,1000,1265,0
24270,CONSISTENT,0,393,0
24280,CONSISTENT,0,688,0
24290,CONSISTENT,0,960,0
24300,CONSISTENT,1000,1224,0
24310,CONSISTENT,0,332,0
24320,CONSISTENT,0,564,0
24330,CONSISTENT,0,809,0
24340,TORN,1000,1083,
24350,CONSISTENT,1000,1349,0
24360,CONSISTENT,0,562,0
24370,CONSISTENT,0,777,0
24380,CONSISTENT,1000,1036,0
24390,CONSISTENT,1000,1305,0
24400,CONSISTENT,0,581,0
24410,CONSISTENT,0,743,0
24420,CONSISTENT,1000,1004,0
24430,CONSISTENT,1000,1250,0
24440,CONSISTENT,1000,1470,0
24450,CONSISTENT,0,581,0
24460,CONSISTENT,0,797,0
24470,CONSISTENT,0,989,0
24480,CONSISTENT,1000,1190,0
24490,CONSISTENT,1000,1392,0
24500,CONSISTENT,0,479,0
24510,CONSISTENT,0,686,0
24520,CONSISTENT,0,950,0
24530,CONSISTENT,1000,1216,0
24540,TORN,1000,1494,
24550,CONSISTENT,0,643,0
24560,TORN,0,876,
24570,CONSISTENT,1000,1159,0
24580,CONSISTENT,1000,1432,0
24590,CONSISTENT,0,629,0
24600,CONSISTENT,0,842,0
24610,CONSISTENT,1000,1038,0
24620,TORN,1000,1290,
24630,CONSISTENT,0,438,0
24640,CONSISTENT,0,723,0
24650,CONSISTENT,0,998,0
24660,CONSISTENT,1000,1279,0
24670,CONSISTENT,0,424,0
24680,CONSISTENT,0,678,0
24690,CONSISTENT,0,967,0
24700,CONSISTENT,1000,1250,0
24710,CONSISTENT,0,411,0
24720,CONSISTENT,0,665,0
24730,CONSISTENT,0,910,0
24740,CONSISTENT,1000,1188,0
24750,CONSISTENT,0,408,0
24760,CONSISTENT,0,603,0
24770,CONSISTENT,0,871,0
24780,CONSISTENT,1000,1085,0
24790,CONSISTENT,1000,1336,0
24800,CONSISTENT,0,483,0
24810,CONSISTENT,0,728,0
24820,CONSISTENT,0,994,0
24830,CONSISTENT,1000,1237,0
24840,CONSISTENT,1000,1510,0
24850,CONSISTENT,0,666,0
24860,CONSISTENT,0,955,0
24870,CONSISTENT,1000,1238,0
24880,CONSISTENT,1000,1498,0
24890,CONSISTENT,0,635,0
24900,CONSISTENT,0,907,0
24910,CONSISTENT,1000,1073,0
24920,CONSISTENT,1000,1329,0
24930,CONSISTENT,0,447,0
24940,TORN,0,701,
24950,CONSISTENT,0,970,0
24960,CONSISTENT,1000,1234,0
24970,CONSISTENT,1000,1527,0
24980,CONSISTENT,0,645,0
24990,TORN,0,923,
25000,CONSISTENT,1000,1203,0
25010,CONSISTENT,1000,1488,0
25020,CONSISTENT,0,646,0
25030,CONSISTENT,0,900,0
25040,CONSISTENT,1000,1185,0
25050,CONSISTENT,1000,1462,0
25060,CONSISTENT,0,606,0
25070,CONSISTENT,0,837,0
25080,CONSISTENT,1000,1104,0
25090,CONSISTENT,1000,1360,0
25100,CONSISTENT,0,634,0
25110,CONSISTENT,0,785,0
25120,CONSISTENT,0,1000,0
25130,CONSISTENT,1000,1251,0
25140,CONSISTENT,1000,1501,0
25150,CONSISTENT,0,638,0
25160,CONSISTENT,0,904,0
25170,CONSISTENT,1000,1130,0
25180,CONSISTENT,1000,1376,0
25190,CONSISTENT,0,514,0
25200,CONSISTENT,0,753,0
25210,CONSISTENT,0,915,0
25220,CONSISTENT,1000,1197,0
25230,CONSISTENT,1000,1477,0
25240,CONSISTENT,0,615,0
25250,CONSISTENT,0,869,0
25261,CONSISTENT,1000,1121,0
25270,CONSISTENT,1000,1337,0
25280,CONSISTENT,0,488,0
25290,CONSISTENT,0,740,0
25300,CONSISTENT,1000,1017,0
25310,CONSISTENT,1000,1257,0
25320,CONSISTENT,0,461,0
25330,CONSISTENT,0,649,0
25340,TORN,0,914,
25350,CONSISTENT,1000,1171,0
25360,CONSISTENT,0,365,0
25370,CONSISTENT,0,554,0
25380,TORN,0,813,
25390,CONSISTENT,1000,1081,0
25400,CONSISTENT,1000,1358,0
25410,CONSISTENT,0,584,0
25420,TORN,0,742,
25430,CONSISTENT,1000,1007,0
25440,CONSISTENT,0,194,0
25451,CONSISTENT,0,410,0
25460,CONSISTENT,0,634,0
25470,CONSISTENT,0,882,0
25480,CONSISTENT,1000,1128,0
25490,CONSISTENT,1000,1377,0
25500,CONSISTENT,0,496,0
25510,CONSISTENT,0,673,0
25520,TORN,0,951,
25530,CONSISTENT,1000,1212,0
25541,CONSISTENT,1000,1471,0
25550,CONSISTENT,0,583,0
25560,CONSISTENT,0,837,0
25570,CONSISTENT,1000,1100,0
25580,CONSISTENT,1000,1363,0
25590,CONSISTENT,0,455,0
25600,CONSISTENT,0,670,0
25610,CONSISTENT,0,890,0
25620,CONSISTENT,1000,1127,0
25630,CONSISTENT,1000,1381,0
25640,CONSISTENT,0,483,0
25650,CONSISTENT,0,718,0
25660,CONSISTENT,0,944,0
25670,CONSISTENT,1000,1154,0
25680,CONSISTENT,0,302,0
25690,CONSISTENT,0,481,0
25700,TORN,0,732,
25710,CONSISTENT,0,974,0
25720,CONSISTENT,1000,1224,0
25730,CONSISTENT,0,397,0
25740,CONSISTENT,0,611,0
25750,CONSISTENT,0,884,0
25760,CONSISTENT,1000,1160,0
25770,CONSISTENT,1000,1446,0
25780,CONSISTENT,0,593,0
25790,CONSISTENT,0,841,0
25800,CONSISTENT,1000,1119,0
25810,CONSISTENT,1000,1309,0
25820,CONSISTENT,0,506,0
25830,CONSISTENT,0,726,0
25840,CONSISTENT,0,978,0
25850,CONSISTENT,1000,1247,0
25860,CONSISTENT,0,513,0
25870,TORN,0,681,
25880,CONSISTENT,0,960,0
25890,CONSISTENT,1000,1211,0
25900,TORN,0,485,
25910,CONSISTENT,0,626,0
25920,CONSISTENT,0,909,0
25930,TORN,1000,1191,
25940,CONSISTENT,1000,1448,0
25950,CONSISTENT,0,595,0
25960,CONSISTENT,0,876,0
25970,CONSISTENT,1000,1159,0
25980,CONSISTENT,1000,1434,0
25990,TORN,0,563,
26000,TORN,0,859,
26010,CONSISTENT,1000,1136,0
26020,CONSISTENT,1000,1413,0
26030,CONSISTENT,0,548,0
26040,CONSISTENT,0,792,0
26050,CONSISTENT,1000,1060,0
26060,CONSISTENT,1000,1349,0
26070,CONSISTENT,0,498,0
26080,TORN,0,791,
26090,TORN,1000,1038,
26100,CONSISTENT,1000,1310,0
26110,CONSISTENT,0,357,0
26120,CONSISTENT,0,611,0
26130,CONSISTENT,0,869,0
26140,CONSISTENT,1000,1110,0
26150,TORN,1000,1383,
26160,CONSISTENT,0,516,0
26170,CONSISTENT,0,760,0
26180,CONSISTENT,1000,1016,0
26190,CONSISTENT,1000,1237,0
26200,CONSISTENT,0,371,0
26210,TORN,0,606,
26220,TORN,0,861,
26230,CONSISTENT,1000,1108,0
26240,CONSISTENT,1000,1372,0
26250,CONSISTENT,0,506,0
26260,CONSISTENT,0,753,0
26270,CONSISTENT,1000,1028,0
26280,CONSISTENT,1000,1280,0
26290,CONSISTENT,0,430,0
26300,CONSISTENT,0,693,0
26310,CONSISTENT,0,921,0
26320,TORN,1000,1174,
26330,CONSISTENT,1000,1407,0
26340,CONSISTENT,0,612,0
26350,CONSISTENT,0,842,0
26360,CONSISTENT,1000,1118,0
26370,CONSISTENT,1000,1388,0
26380,CONSISTENT,0,544,0
26390,CONSISTENT,0,791,0
26400,CONSISTENT,1000,1067,0
26410,CONSISTENT,1000,1264,0
26420,CONSISTENT,0,435,0
26430,TORN,0,646,
26440,CONSISTENT,0,930,0
26450,CONSISTENT,1000,1136,0
26460,CONSISTENT,0,278,0
26470,CONSISTENT,0,474,0
26480,CONSISTENT,0,699,0
26490,CONSISTENT,0,957,0
26500,CONSISTENT,1000,1201,0
26510,CONSISTENT,0,385,0
26520,CONSISTENT,0,495,0
26530,CONSISTENT,0,661,0
26540,TORN,0,881,
26550,TORN,1000,1097,
26560,CONSISTENT,1000,1297,0
26570,CONSISTENT,0,360,0
26580,CONSISTENT,0,538,0
26590,CONSISTENT,0,738,0
26600,CONSISTENT,0,949,0
26610,TORN,1000,1129,
26620,CONSISTENT,0,219,0
26630,CONSISTENT,0,433,0
26640,CONSISTENT,0,650,0
26650,CONSISTENT,0,858,0
26660,CONSISTENT,1000,1056,0
26670,CONSISTENT,1000,1265,0
26680,CONSISTENT,0,409,0
26690,CONSISTENT,0,588,0
26700,CONSISTENT,0,776,0
26710,CONSISTENT,0,924,0
26720,CONSISTENT,1000,1086,0
26730,CONSISTENT,0,184,0
26740,CONSISTENT,0,375,0
26750,CONSISTENT,0,585,0
26760,CONSISTENT,0,816,0
26770,CONSISTENT,1000,1043,0
26780,CONSISTENT,1000,1261,0
26790,CONSISTENT,1000,1452,0
26800,CONSISTENT,0,547,0
26810,CONSISTENT,0,740,0
26820,CONSISTENT,0,945,0
26831,CONSISTENT,1000,1099,0
26840,CONSISTENT,0,290,0
26850,CONSISTENT,0,403,0
26860,CONSISTENT,0,630,0
26870,CONSISTENT,0,864,0
26880,CONSISTENT,1000,1083,0
26890,CONSISTENT,1000,1319,0
26900,CONSISTENT,0,450,0
26910,CONSISTENT,0,688,0
26920,CONSISTENT,0,935,0
26930,TORN,1000,1151,
26940,CONSISTENT,1000,1389,0
26950,CONSISTENT,0,513,0
26960,CONSISTENT,0,760,0
26970,CONSISTENT,1000,1005,0
26980,CONSISTENT,1000,1228,0
26990,CONSISTENT,0,359,0
27000,TORN,0,600,
27010,CONSISTENT,0,756,0
27020,CONSISTENT,0,983,0
27030,CONSISTENT,1000,1201,0
27040,CONSISTENT,0,363,0
27050,CONSISTENT,0,566,0
27060,CONSISTENT,0,798,0
27070,CONSISTENT,1000,1024,0
27080,CONSISTENT,1000,1228,0
27090,CONSISTENT,0,437,0
27100,CONSISTENT,0,573,0
27110,CONSISTENT,0,794,0
27120,TORN,0,988,
27130,CONSISTENT,1000,1200,0
27140,CONSISTENT,1000,1384,0
27150,CONSISTENT,0,493,0
27160,TORN,0,691,
27170,TORN,0,885,
27180,CONSISTENT,1000,1100,0
27190,CONSISTENT,0,310,0
27200,CONSISTENT,0,425,0
27211,CONSISTENT,0,608,0
27220,CONSISTENT,0,794,0
27230,CONSISTENT,1000,1010,0
27240,CONSISTENT,1000,1216,0
27250,CONSISTENT,0,333,0
27261,CONSISTENT,0,558,0
27270,TORN,0,751,
27280,CONSISTENT,0,973,0
27290,CONSISTENT,1000,1186,0
27300,CONSISTENT,1000,1410,0
27310,CONSISTENT,0,428,0
27320,CONSISTENT,0,651,0
27330,CONSISTENT,0,845,0
27340,TORN,1000,1058,
27350,CONSISTENT,1000,1274,0
27360,CONSISTENT,0,366,0
27370,CONSISTENT,0,586,0
27380,CONSISTENT,0,808,0
27390,CONSISTENT,1000,1028,0
27400,CONSISTENT,1000,1234,0
27410,CONSISTENT,0,324,0
27420,CONSISTENT,0,528,0
27430,CONSISTENT,0,752,0
27440,CONSISTENT,0,960,0
27450,CONSISTENT,1000,1178,0
27460,CONSISTENT,1000,1367,0
27470,CONSISTENT,0,467,0
27480,CONSISTENT,0,667,0
27490,CONSISTENT,0,885,0
27500,CONSISTENT,1000,1105,0
27510,CONSISTENT,1000,1299,0
27520,CONSISTENT,0,411,0
27530,CONSISTENT,0,618,0
27540,CONSISTENT,0,828,0
27550,CONSISTENT,1000,1019,0
27560,CONSISTENT,1000,1217,0
27570,CONSISTENT,0,310,0
27580,CONSISTENT,0,513,0
27590,CONSISTENT,0,707,0
27600,TORN,0,853,
27610,CONSISTENT,0,944,0
27620,CONSISTENT,1000,1177,0
27630,CONSISTENT,0,339,0
27640,CONSISTENT,0,680,0
27650,CONSISTENT,0,976,0
27660,CONSISTENT,1000,1306,0
27670,TORN,0,486,
27680,TORN,0,825,
27690,CONSISTENT,1000,1112,0
27700,CONSISTENT,1000,1364,0
27710,CONSISTENT,0,531,0
27720,CONSISTENT,0,862,0
27730,CONSISTENT,1000,1191,0
27740,CONSISTENT,1000,1520,0
27750,CONSISTENT,0,650,0
27760,CONSISTENT,0,947,0
27770,CONSISTENT,1000,1262,0
27780,CONSISTENT,1000,1590,0
27790,TORN,0,774,
27800,TORN,1000,1073,
27810,CONSISTENT,1000,1408,0
27820,CONSISTENT,0,587,0
27830,CONSISTENT,0,906,0
27840,CONSISTENT,1000,1223,0
27851,CONSISTENT,1000,1568,0
27860,CONSISTENT,0,700,0
27870,CONSISTENT,1000,1026,0
27880,CONSISTENT,1000,1359,0
27890,CONSISTENT,1000,1667,0
27900,CONSISTENT,0,822,0
27910,CONSISTENT,0,988,0
27920,CONSISTENT,1000,1299,0
27930,CONSISTENT,0,586,0
27940,CONSISTENT,0,770,0
27950,CONSISTENT,1000,1082,0
27960,TORN,1000,1380,
27970,CONSISTENT,1000,1714,0
27980,CONSISTENT,0,887,0
27990,CONSISTENT,1000,1219,0
28000,CONSISTENT,0,416,0
28010,CONSISTENT,0,674,0
28020,CONSISTENT,0,938,0
28030,TORN,1000,1224,
28040,CONSISTENT,0,406,0
28050,CONSISTENT,0,698,0
28060,TORN,0,952,
28070,CONSISTENT,1000,1163,0
28080,CONSISTENT,0,349,0
28090,CONSISTENT,0,545,0
28100,CONSISTENT,0,835,0
28110,CONSISTENT,1000,1129,0
28120,CONSISTENT,0,374,0
28130,CONSISTENT,0,643,0
28140,CONSISTENT,1000,1011,0
28150,CONSISTENT,1000,1369,0
28160,CONSISTENT,0,546,0
28170,CONSISTENT,0,861,0
28180,CONSISTENT,1000,1203,0
28190,CONSISTENT,1000,1557,0
28200,CONSISTENT,0,752,0
28210,CONSISTENT,1000,1001,0
28220,TORN,1000,1345,
28230,CONSISTENT,1000,1674,0
28240,CONSISTENT,0,856,0
28250,CONSISTENT,1000,1210,0
28260,CONSISTENT,0,486,0
28270,CONSISTENT,0,759,0
28281,TORN,1000,1114,
28290,CONSISTENT,1000,1439,0
28300,CONSISTENT,0,678,0
28310,CONSISTENT,0,954,0
28320,CONSISTENT,1000,1297,0
28330,CONSISTENT,0,530,0
28340,CONSISTENT,0,783,0
28350,TORN,1000,1139,
28360,CONSISTENT,1000,1486,0
28370,CONSISTENT,0,662,0
28380,CONSISTENT,1000,1016,0
28390,CONSISTENT,1000,1359,0
28400,CONSISTENT,1000,1666,0
28410,CONSISTENT,0,850,0
28420,CONSISTENT,1000,1195,0
28430,CONSISTENT,0,542,0
28440,TORN,0,765,
28450,CONSISTENT,1000,1092,0
28460,CONSISTENT,1000,1424,0
28470,CONSISTENT,0,658,0
28480,TORN,0,916,
28490,CONSISTENT,1000,1250,0
28500,CONSISTENT,1000,1583,0
28510,CONSISTENT,0,661,0
28520,CONSISTENT,0,1000,0
28530,CONSISTENT,1000,1328,0
28540,TORN,1000,1669,
28550,CONSISTENT,0,823,0
28560,CONSISTENT,1000,1164,0
28570,CONSISTENT,0,500,0
28580,TORN,0,703,
28590,CONSISTENT,1000,1047,0
28600,CONSISTENT,1000,1373,0
28610,CONSISTENT,0,675,0
28620,CONSISTENT,0,912,0
28630,CONSISTENT,1000,1245,0
28640,CONSISTENT,0,608,0
28650,CONSISTENT,0,793,0
28660,CONSISTENT,1000,1101,0
28670,CONSISTENT,1000,1441,0
28680,TORN,0,629,
28690,CONSISTENT,0,972,0
28700,CONSISTENT,1000,1318,0
28710,CONSISTENT,1000,1634,0
28720,CONSISTENT,0,799,0
28730,CONSISTENT,1000,1148,0
28740,CONSISTENT,1000,1497,0
28750,CONSISTENT,0,715,0
28760,CONSISTENT,0,992,0
28770,CONSISTENT,1000,1312,0
28780,CONSISTENT,0,531,0
28790,TORN,0,834,
28800,CONSISTENT,1000,1159,0
