elapsed_secs,live,fp_equiv_mb
300,31532.000000,40.512
360,37763.092227,42.820
420,43994.184454,47.715
480,50225.276681,45.895
540,56456.368908,56.199
600,62687.461135,58.746
660,68918.553362,59.926
720,75149.645589,58.738
780,81380.737816,62.324
840,87611.830042,70.625
900,93842.922269,66.523
960,100074.014496,70.430
1020,106305.106723,73.074
1080,112536.198950,85.625
1140,118767.291177,86.055
1200,124998.383404,86.902
1260,131229.475631,98.105
1320,137460.567858,89.766
1380,143691.660085,87.520
1440,149922.752312,90.238
1500,156153.844539,92.535
1560,162351.679880,94.730
1620,168549.348101,100.215
1680,174747.016322,110.078
1740,180944.684544,101.246
1800,187142.352765,105.113
1860,193312.687951,110.883
1920,199482.793448,108.328
1980,205652.898945,122.125
2040,211823.004442,122.797
2100,217993.109939,146.141
2160,224163.215436,147.770
2220,230333.320933,148.793
2280,236503.426430,149.145
2340,242673.531927,149.266
2400,248843.637424,150.898
2460,255013.742921,152.422
2520,261183.848418,155.648
2580,267353.953914,151.656
2640,273524.059411,151.301
2700,279694.164908,154.543
2760,285841.650233,154.285
2821,292091.203864,147.996
2880,298135.854097,155.211
2940,304282.956029,171.578
3000,310430.057961,160.180
3060,316557.335664,167.180
3120,322684.208791,157.516
3180,328811.081918,159.172
3240,334937.955045,167.711
3300,341064.828172,167.754
3360,347175.922078,172.816
3420,353286.611389,174.590
3480,359397.300699,186.965
3540,365507.990010,189.656
3600,371618.679321,190.004
3660,377720.841159,190.430
3720,383822.739261,190.496
3780,389924.637363,223.160
3840,396026.535465,200.164
3900,402128.433566,198.543
3960,408217.577896,207.629
4020,414306.259654,215.777
4080,420394.941411,218.285
4140,426483.623169,226.648
4200,432572.304927,224.340
4260,438652.973027,233.148
4320,444733.292707,264.043
4380,450813.612388,261.359
4440,456893.932068,262.277
4500,462974.251748,266.984
4560,469037.389018,269.441
4620,475099.685191,287.797
4680,481161.981364,273.340
4740,487224.277537,276.484
4800,493286.573710,277.809
4860,499338.680865,271.797
4920,505390.195008,274.016
4980,511441.709151,268.914
5040,517493.223295,349.629
5100,523544.737438,267.434
5160,529590.640932,282.645
5220,535636.165058,272.652
5280,541681.689185,288.113
5340,547727.213311,279.254
5400,553772.737438,289.609
