t,row_elapsed_secs,live,fp_equiv_mb,pe_c
300.0,300,31508,49.785,1212.578238
600.1,600,62722,93.367,1337.727661
900.2,900,93880,141.457,1430.879572
1200.3,1200,124993,212.566,1671.246910
2100.7,2100,217952,344.688,1594.085502
3001.3,3000,310294,499.355,1642.359270
3301.6,3300,340925,622.262,1872.821171
3601.9,3600,371502,669.734,1852.667167
3902.2,3900,401990,718.555,1839.503686
4202.4,4200,432444,801.633,1911.405138
4502.7,4500,462808,944.031,2108.629948
4803.2,4800,493114,1070.047,2247.002036
5103.7,5100,523358,1090.961,2159.053804
20434.4,20460,1993742,4849.543,2543.517145
