epoch,entered_index,stamped_bytes,refs_at_entry,has_exit_row,exit_kind_variant,unclassified_exit,class_a,class_b,class_c,class_d,class_e,class_f
1,false,0,0,false,"",0,0,0,0,0,0,1
2,true,19820,1000,true,"drainedByPrune",0,0,0,1,0,0,0
3,true,20535,1000,true,"drainedByPrune",0,0,0,1,0,0,0
4,true,21000,1000,true,"drainedByPrune",0,0,0,1,0,0,0
5,true,21000,1000,true,"drainedByPrune",0,0,0,1,0,0,0
6,true,21000,1000,true,"drainedByPrune",0,0,0,1,0,0,0
7,true,21000,1000,true,"drainedByPrune",0,0,0,1,0,0,0
8,true,21000,1000,true,"drainedByPrune",0,0,0,1,0,0,0
9,true,21000,1000,true,"drainedByPrune",0,0,0,1,0,0,0
10,true,21000,1000,true,"drainedByPrune",0,0,0,1,0,0,0
11,true,21000,1000,true,"drainedByPrune",0,0,0,1,0,0,0
12,true,21000,1000,true,"drainedByPrune",0,0,0,1,0,0,0
13,true,21000,1000,true,"drainedByPrune",0,0,0,1,0,0,0
14,true,21000,1000,true,"drainedByPrune",0,0,0,1,0,0,0
15,true,21000,1000,true,"drainedByPrune",0,0,0,1,0,0,0
16,true,21351,1000,true,"drainedByPrune",0,0,0,1,0,0,0
17,true,22000,1000,true,"drainedByPrune",0,0,0,1,0,0,0
18,true,22000,1000,true,"drainedByPrune",0,0,0,1,0,0,0
19,true,22000,1000,true,"drainedByPrune",0,0,0,1,0,0,0
20,true,22000,1000,true,"drainedByPrune",0,0,0,1,0,0,0
21,true,22000,1000,true,"drainedByPrune",0,0,0,1,0,0,0
22,true,22000,1000,true,"drainedByPrune",0,0,0,1,0,0,0
23,true,22000,1000,true,"drainedByPrune",0,0,0,1,0,0,0
24,true,22000,1000,true,"drainedByPrune",0,0,0,1,0,0,0
25,true,22000,1000,true,"drainedByPrune",0,0,0,1,0,0,0
26,true,22000,1000,true,"drainedByPrune",0,0,0,1,0,0,0
27,true,22000,1000,true,"drainedByPrune",0,0,0,1,0,0,0
28,true,22000,1000,true,"drainedByPrune",0,0,0,1,0,0,0
29,true,22000,1000,true,"drainedByPrune",0,0,0,1,0,0,0
30,true,22000,1000,true,"drainedByPrune",0,0,0,1,0,0,0
31,true,22000,1000,true,"drainedByPrune",0,0,0,1,0,0,0
32,true,22000,1000,true,"drainedByPrune",0,0,0,1,0,0,0
33,true,22000,1000,true,"drainedByPrune",0,0,0,1,0,0,0
34,true,22000,1000,true,"drainedByPrune",0,0,0,1,0,0,0
35,true,22000,1000,true,"drainedByPrune",0,0,0,1,0,0,0
36,true,22000,1000,true,"drainedByPrune",0,0,0,1,0,0,0
37,true,22000,1000,true,"drainedByPrune",0,0,0,1,0,0,0
38,true,22000,1000,true,"drainedByPrune",0,0,0,1,0,0,0
39,true,22000,1000,true,"drainedByPrune",0,0,0,1,0,0,0
40,true,22000,1000,true,"drainedByPrune",0,0,0,1,0,0,0
41,true,22000,1000,true,"drainedByPrune",0,0,0,1,0,0,0
42,true,22000,1000,true,"drainedByPrune",0,0,0,1,0,0,0
43,true,22000,1000,true,"drainedByPrune",0,0,0,1,0,0,0
44,true,22000,1000,true,"drainedByPrune",0,0,0,1,0,0,0
45,true,22000,1000,true,"drainedByPrune",0,0,0,1,0,0,0
46,true,22000,1000,true,"drainedByPrune",0,0,0,1,0,0,0
47,true,22000,1000,true,"drainedByPrune",0,0,0,1,0,0,0
48,true,22000,1000,true,"drainedByPrune",0,0,0,1,0,0,0
49,true,22000,1000,true,"drainedByPrune",0,0,0,1,0,0,0
50,true,22000,1000,true,"drainedByPrune",0,0,0,1,0,0,0
51,true,22000,1000,true,"drainedByPrune",0,0,0,1,0,0,0
52,true,22000,1000,true,"drainedByPrune",0,0,0,1,0,0,0
53,true,22000,1000,true,"drainedByPrune",0,0,0,1,0,0,0
54,true,22000,1000,true,"drainedByPrune",0,0,0,1,0,0,0
55,true,22000,1000,true,"drainedByPrune",0,0,0,1,0,0,0
56,true,22000,1000,true,"drainedByPrune",0,0,0,1,0,0,0
57,true,22000,1000,true,"drainedByPrune",0,0,0,1,0,0,0
58,true,22000,1000,true,"drainedByPrune",0,0,0,1,0,0,0
59,true,22000,1000,true,"drainedByPrune",0,0,0,1,0,0,0
60,true,22000,1000,true,"drainedByPrune",0,0,0,1,0,0,0
61,true,22000,1000,true,"drainedByPrune",0,0,0,1,0,0,0
62,true,22000,1000,true,"drainedByPrune",0,0,0,1,0,0,0
63,true,22000,1000,true,"drainedByPrune",0,0,0,1,0,0,0
64,true,22000,1000,true,"drainedByPrune",0,0,0,1,0,0,0
65,true,22000,1000,true,"drainedByPrune",0,0,0,1,0,0,0
66,true,22000,1000,true,"drainedByPrune",0,0,0,1,0,0,0
67,true,22000,1000,true,"drainedByPrune",0,0,0,1,0,0,0
68,true,22000,1000,true,"drainedByPrune",0,0,0,1,0,0,0
69,true,22000,1000,true,"drainedByPrune",0,0,0,1,0,0,0
70,true,22000,1000,true,"drainedByPrune",0,0,0,1,0,0,0
71,true,22000,1000,true,"drainedByPrune",0,0,0,1,0,0,0
72,true,22000,1000,true,"drainedByPrune",0,0,0,1,0,0,0
73,true,22000,1000,true,"drainedByPrune",0,0,0,1,0,0,0
74,true,22000,1000,true,"drainedByPrune",0,0,0,1,0,0,0
75,true,22000,1000,true,"drainedByPrune",0,0,0,1,0,0,0
76,true,22000,1000,true,"drainedByPrune",0,0,0,1,0,0,0
77,true,22000,1000,true,"drainedByPrune",0,0,0,1,0,0,0
78,true,22000,1000,true,"drainedByPrune",0,0,0,1,0,0,0
79,true,22000,1000,true,"drainedByPrune",0,0,0,1,0,0,0
80,true,22000,1000,true,"drainedByPrune",0,0,0,1,0,0,0
81,true,22000,1000,true,"drainedByPrune",0,0,0,1,0,0,0
82,true,22000,1000,true,"drainedByPrune",0,0,0,1,0,0,0
83,true,22000,1000,true,"drainedByPrune",0,0,0,1,0,0,0
84,true,22000,1000,true,"drainedByPrune",0,0,0,1,0,0,0
85,true,22000,1000,true,"drainedByPrune",0,0,0,1,0,0,0
86,true,22000,1000,true,"drainedByPrune",0,0,0,1,0,0,0
87,true,22000,1000,true,"drainedByPrune",0,0,0,1,0,0,0
88,true,22000,1000,true,"drainedByPrune",0,0,0,1,0,0,0
89,true,22000,1000,true,"drainedByPrune",0,0,0,1,0,0,0
90,true,22000,1000,true,"drainedByPrune",0,0,0,1,0,0,0
91,true,22000,1000,true,"drainedByPrune",0,0,0,1,0,0,0
92,true,22000,1000,true,"drainedByPrune",0,0,0,1,0,0,0
93,true,22000,1000,true,"drainedByPrune",0,0,0,1,0,0,0
94,true,22000,1000,true,"drainedByPrune",0,0,0,1,0,0,0
95,true,22000,1000,true,"drainedByPrune",0,0,0,1,0,0,0
96,true,22000,1000,true,"drainedByPrune",0,0,0,1,0,0,0
97,true,22000,1000,true,"drainedByPrune",0,0,0,1,0,0,0
98,true,22000,1000,true,"drainedByPrune",0,0,0,1,0,0,0
99,true,22000,1000,true,"drainedByPrune",0,0,0,1,0,0,0
100,true,22000,1000,true,"drainedByPrune",0,0,0,1,0,0,0
101,true,22000,1000,true,"drainedByPrune",0,0,0,1,0,0,0
102,true,22000,1000,true,"drainedByPrune",0,0,0,1,0,0,0
103,true,22000,1000,true,"drainedByPrune",0,0,0,1,0,0,0
104,true,22000,1000,true,"drainedByPrune",0,0,0,1,0,0,0
105,true,22000,1000,true,"drainedByPrune",0,0,0,1,0,0,0
106,true,22000,1000,true,"drainedByPrune",0,0,0,1,0,0,0
107,true,22000,1000,true,"drainedByPrune",0,0,0,1,0,0,0
108,true,22000,1000,true,"drainedByPrune",0,0,0,1,0,0,0
109,true,22000,1000,true,"drainedByPrune",0,0,0,1,0,0,0
110,true,22000,1000,true,"drainedByPrune",0,0,0,1,0,0,0
111,true,22000,1000,true,"drainedByPrune",0,0,0,1,0,0,0
112,true,22000,1000,true,"drainedByPrune",0,0,0,1,0,0,0
113,true,22000,1000,true,"drainedByPrune",0,0,0,1,0,0,0
114,true,22000,1000,true,"drainedByPrune",0,0,0,1,0,0,0
115,true,22000,1000,true,"drainedByPrune",0,0,0,1,0,0,0
116,true,22000,1000,true,"drainedByPrune",0,0,0,1,0,0,0
117,true,22000,1000,true,"drainedByPrune",0,0,0,1,0,0,0
118,true,22000,1000,true,"drainedByPrune",0,0,0,1,0,0,0
119,true,22000,1000,true,"drainedByPrune",0,0,0,1,0,0,0
120,true,22000,1000,true,"drainedByPrune",0,0,0,1,0,0,0
121,true,22000,1000,true,"drainedByPrune",0,0,0,1,0,0,0
122,true,22000,1000,true,"drainedByPrune",0,0,0,1,0,0,0
123,true,22000,1000,true,"drainedByPrune",0,0,0,1,0,0,0
124,true,22000,1000,true,"drainedByPrune",0,0,0,1,0,0,0
125,true,22000,1000,true,"drainedByPrune",0,0,0,1,0,0,0
126,true,22000,1000,true,"drainedByPrune",0,0,0,1,0,0,0
127,true,22000,1000,true,"drainedByPrune",0,0,0,1,0,0,0
128,true,22000,1000,true,"drainedByPrune",0,0,0,1,0,0,0
129,true,22000,1000,true,"drainedByPrune",0,0,0,1,0,0,0
130,true,22000,1000,true,"drainedByPrune",0,0,0,1,0,0,0
131,true,22000,1000,true,"drainedByPrune",0,0,0,1,0,0,0
132,true,22000,1000,true,"drainedByPrune",0,0,0,1,0,0,0
133,true,22000,1000,true,"drainedByPrune",0,0,0,1,0,0,0
134,true,22000,1000,true,"drainedByPrune",0,0,0,1,0,0,0
135,true,22000,1000,true,"drainedByPrune",0,0,0,1,0,0,0
136,true,22000,1000,true,"drainedByPrune",0,0,0,1,0,0,0
137,true,22000,1000,true,"drainedByPrune",0,0,0,1,0,0,0
138,true,22000,1000,true,"drainedByPrune",0,0,0,1,0,0,0
139,true,22000,1000,true,"drainedByPrune",0,0,0,1,0,0,0
140,true,22000,1000,true,"drainedByPrune",0,0,0,1,0,0,0
141,true,22000,1000,true,"drainedByPrune",0,0,0,1,0,0,0
142,true,22000,1000,true,"drainedByPrune",0,0,0,1,0,0,0
143,true,22000,1000,true,"drainedByPrune",0,0,0,1,0,0,0
144,true,22000,1000,true,"drainedByPrune",0,0,0,1,0,0,0
145,true,22000,1000,true,"drainedByPrune",0,0,0,1,0,0,0
146,true,22000,1000,true,"drainedByPrune",0,0,0,1,0,0,0
147,true,22000,1000,true,"drainedByPrune",0,0,0,1,0,0,0
148,true,22908,1000,true,"drainedByPrune",0,0,0,1,0,0,0
149,true,23000,1000,true,"drainedByPrune",0,0,0,1,0,0,0
150,true,23000,1000,true,"drainedByPrune",0,0,0,1,0,0,0
151,true,23000,1000,true,"drainedByPrune",0,0,0,1,0,0,0
152,true,23000,1000,true,"drainedByPrune",0,0,0,1,0,0,0
153,true,23000,1000,true,"drainedByPrune",0,0,0,1,0,0,0
154,true,23000,1000,true,"drainedByPrune",0,0,0,1,0,0,0
155,true,23000,1000,true,"drainedByPrune",0,0,0,1,0,0,0
156,true,23000,1000,true,"drainedByPrune",0,0,0,1,0,0,0
157,true,23000,1000,true,"drainedByPrune",0,0,0,1,0,0,0
158,true,23000,1000,true,"drainedByPrune",0,0,0,1,0,0,0
159,true,23000,1000,true,"drainedByPrune",0,0,0,1,0,0,0
160,true,23000,1000,true,"drainedByPrune",0,0,0,1,0,0,0
161,true,23000,1000,true,"drainedByPrune",0,0,0,1,0,0,0
162,true,23000,1000,true,"drainedByPrune",0,0,0,1,0,0,0
163,true,23000,1000,true,"drainedByPrune",0,0,0,1,0,0,0
164,true,23000,1000,true,"drainedByPrune",0,0,0,1,0,0,0
165,true,23000,1000,true,"drainedByPrune",0,0,0,1,0,0,0
166,true,23000,1000,true,"drainedByPrune",0,0,0,1,0,0,0
167,true,23000,1000,true,"drainedByPrune",0,0,0,1,0,0,0
168,true,23000,1000,true,"drainedByPrune",0,0,0,1,0,0,0
169,true,23000,1000,true,"drainedByPrune",0,0,0,1,0,0,0
170,true,23000,1000,true,"drainedByPrune",0,0,0,1,0,0,0
171,true,23000,1000,true,"drainedByPrune",0,0,0,1,0,0,0
172,true,23000,1000,true,"drainedByPrune",0,0,0,1,0,0,0
173,true,23000,1000,true,"drainedByPrune",0,0,0,1,0,0,0
174,true,23000,1000,true,"drainedByPrune",0,0,0,1,0,0,0
175,true,23000,1000,true,"drainedByPrune",0,0,0,1,0,0,0
176,true,23000,1000,true,"drainedByPrune",0,0,0,1,0,0,0
177,true,23000,1000,true,"drainedByPrune",0,0,0,1,0,0,0
178,true,23000,1000,true,"drainedByPrune",0,0,0,1,0,0,0
179,true,23000,1000,true,"drainedByPrune",0,0,0,1,0,0,0
180,true,23000,1000,true,"drainedByPrune",0,0,0,1,0,0,0
181,true,23000,1000,true,"drainedByPrune",0,0,0,1,0,0,0
182,true,23000,1000,true,"drainedByPrune",0,0,0,1,0,0,0
183,true,23000,1000,true,"drainedByPrune",0,0,0,1,0,0,0
184,true,23000,1000,true,"drainedByPrune",0,0,0,1,0,0,0
185,true,23000,1000,true,"drainedByPrune",0,0,0,1,0,0,0
186,true,23000,1000,true,"drainedByPrune",0,0,0,1,0,0,0
187,true,23000,1000,true,"drainedByPrune",0,0,0,1,0,0,0
188,true,23000,1000,true,"drainedByPrune",0,0,0,1,0,0,0
189,true,23000,1000,true,"drainedByPrune",0,0,0,1,0,0,0
190,true,23000,1000,true,"drainedByPrune",0,0,0,1,0,0,0
191,true,23000,1000,true,"drainedByPrune",0,0,0,1,0,0,0
192,true,23000,1000,true,"drainedByPrune",0,0,0,1,0,0,0
193,true,23000,1000,true,"drainedByPrune",0,0,0,1,0,0,0
194,true,23000,1000,true,"drainedByPrune",0,0,0,1,0,0,0
195,true,23000,1000,true,"drainedByPrune",0,0,0,1,0,0,0
196,true,23000,1000,true,"drainedByPrune",0,0,0,1,0,0,0
197,true,23000,1000,true,"drainedByPrune",0,0,0,1,0,0,0
198,true,23000,1000,true,"drainedByPrune",0,0,0,1,0,0,0
199,true,23000,1000,true,"drainedByPrune",0,0,0,1,0,0,0
200,true,23000,1000,true,"drainedByPrune",0,0,0,1,0,0,0
201,true,23000,1000,true,"drainedByPrune",0,0,0,1,0,0,0
202,true,23000,1000,true,"drainedByPrune",0,0,0,1,0,0,0
203,true,23000,1000,true,"drainedByPrune",0,0,0,1,0,0,0
204,true,23000,1000,true,"drainedByPrune",0,0,0,1,0,0,0
205,true,23000,1000,true,"drainedByPrune",0,0,0,1,0,0,0
206,true,23000,1000,true,"drainedByPrune",0,0,0,1,0,0,0
207,true,23000,1000,true,"drainedByPrune",0,0,0,1,0,0,0
208,true,23000,1000,true,"drainedByPrune",0,0,0,1,0,0,0
209,true,23000,1000,true,"drainedByPrune",0,0,0,1,0,0,0
210,true,23000,1000,true,"drainedByPrune",0,0,0,1,0,0,0
211,true,23000,1000,true,"drainedByPrune",0,0,0,1,0,0,0
212,true,23000,1000,true,"drainedByPrune",0,0,0,1,0,0,0
213,true,23000,1000,true,"drainedByPrune",0,0,0,1,0,0,0
214,true,23000,1000,true,"drainedByPrune",0,0,0,1,0,0,0
215,true,23000,1000,true,"drainedByPrune",0,0,0,1,0,0,0
216,true,23000,1000,true,"drainedByPrune",0,0,0,1,0,0,0
217,true,23000,1000,true,"drainedByPrune",0,0,0,1,0,0,0
218,true,23000,1000,true,"drainedByPrune",0,0,0,1,0,0,0
219,true,23000,1000,true,"drainedByPrune",0,0,0,1,0,0,0
220,true,23000,1000,true,"drainedByPrune",0,0,0,1,0,0,0
221,true,23000,1000,true,"drainedByPrune",0,0,0,1,0,0,0
222,true,23000,1000,true,"drainedByPrune",0,0,0,1,0,0,0
223,true,23000,1000,true,"drainedByPrune",0,0,0,1,0,0,0
224,true,23000,1000,true,"drainedByPrune",0,0,0,1,0,0,0
225,true,23000,1000,true,"drainedByPrune",0,0,0,1,0,0,0
226,true,23000,1000,true,"drainedByPrune",0,0,0,1,0,0,0
227,true,23000,1000,true,"drainedByPrune",0,0,0,1,0,0,0
228,true,23000,1000,true,"drainedByPrune",0,0,0,1,0,0,0
229,true,23000,1000,true,"drainedByPrune",0,0,0,1,0,0,0
230,true,23000,1000,true,"drainedByPrune",0,0,0,1,0,0,0
231,true,23000,1000,true,"drainedByPrune",0,0,0,1,0,0,0
232,true,23000,1000,true,"drainedByPrune",0,0,0,1,0,0,0
233,true,23000,1000,true,"drainedByPrune",0,0,0,1,0,0,0
234,true,23000,1000,true,"drainedByPrune",0,0,0,1,0,0,0
235,true,23000,1000,true,"drainedByPrune",0,0,0,1,0,0,0
236,true,23000,1000,true,"drainedByPrune",0,0,0,1,0,0,0
237,true,23000,1000,true,"drainedByPrune",0,0,0,1,0,0,0
238,true,23000,1000,true,"drainedByPrune",0,0,0,1,0,0,0
239,true,23000,1000,true,"drainedByPrune",0,0,0,1,0,0,0
240,true,23000,1000,true,"drainedByPrune",0,0,0,1,0,0,0
241,true,23000,1000,true,"drainedByPrune",0,0,0,1,0,0,0
242,true,23000,1000,true,"drainedByPrune",0,0,0,1,0,0,0
243,true,23000,1000,true,"drainedByPrune",0,0,0,1,0,0,0
244,true,23000,1000,true,"drainedByPrune",0,0,0,1,0,0,0
245,true,23000,1000,true,"drainedByPrune",0,0,0,1,0,0,0
246,true,23000,1000,true,"drainedByPrune",0,0,0,1,0,0,0
247,true,23000,1000,true,"drainedByPrune",0,0,0,1,0,0,0
248,true,23000,1000,true,"drainedByPrune",0,0,0,1,0,0,0
249,true,23000,1000,true,"drainedByPrune",0,0,0,1,0,0,0
250,true,23000,1000,true,"drainedByPrune",0,0,0,1,0,0,0
251,true,23000,1000,true,"drainedByPrune",0,0,0,1,0,0,0
252,true,23000,1000,true,"drainedByPrune",0,0,0,1,0,0,0
253,true,23000,1000,true,"drainedByPrune",0,0,0,1,0,0,0
254,true,23000,1000,true,"drainedByPrune",0,0,0,1,0,0,0
255,true,23000,1000,true,"drainedByPrune",0,0,0,1,0,0,0
256,true,23000,1000,true,"drainedByPrune",0,0,0,1,0,0,0
257,true,23000,1000,true,"drainedByPrune",0,0,0,1,0,0,0
258,true,23000,1000,true,"drainedByPrune",0,0,0,1,0,0,0
259,true,23000,1000,true,"drainedByPrune",0,0,0,1,0,0,0
260,true,23000,1000,true,"drainedByPrune",0,0,0,1,0,0,0
261,true,23000,1000,true,"drainedByPrune",0,0,0,1,0,0,0
262,true,23000,1000,true,"drainedByPrune",0,0,0,1,0,0,0
263,true,23000,1000,true,"drainedByPrune",0,0,0,1,0,0,0
264,true,23000,1000,true,"drainedByPrune",0,0,0,1,0,0,0
265,true,23000,1000,true,"drainedByPrune",0,0,0,1,0,0,0
266,true,23000,1000,true,"drainedByPrune",0,0,0,1,0,0,0
267,true,23000,1000,true,"drainedByPrune",0,0,0,1,0,0,0
268,true,23000,1000,true,"drainedByPrune",0,0,0,1,0,0,0
269,true,23000,1000,true,"drainedByPrune",0,0,0,1,0,0,0
270,true,23000,1000,true,"drainedByPrune",0,0,0,1,0,0,0
271,true,23000,1000,true,"drainedByPrune",0,0,0,1,0,0,0
272,true,23000,1000,true,"drainedByPrune",0,0,0,1,0,0,0
273,true,23000,1000,true,"drainedByPrune",0,0,0,1,0,0,0
274,true,23000,1000,true,"drainedByPrune",0,0,0,1,0,0,0
275,true,23000,1000,true,"drainedByPrune",0,0,0,1,0,0,0
276,true,23000,1000,true,"drainedByPrune",0,0,0,1,0,0,0
277,true,23000,1000,true,"drainedByPrune",0,0,0,1,0,0,0
278,true,23000,1000,true,"drainedByPrune",0,0,0,1,0,0,0
279,true,23000,1000,true,"drainedByPrune",0,0,0,1,0,0,0
280,true,23000,1000,true,"drainedByPrune",0,0,0,1,0,0,0
281,true,23000,1000,true,"drainedByPrune",0,0,0,1,0,0,0
282,true,23000,1000,true,"drainedByPrune",0,0,0,1,0,0,0
283,true,23000,1000,true,"drainedByPrune",0,0,0,1,0,0,0
284,true,23000,1000,true,"drainedByPrune",0,0,0,1,0,0,0
285,true,23000,1000,true,"drainedByPrune",0,0,0,1,0,0,0
286,true,23000,1000,true,"drainedByPrune",0,0,0,1,0,0,0
287,true,23000,1000,true,"drainedByPrune",0,0,0,1,0,0,0
288,true,23000,1000,true,"drainedByPrune",0,0,0,1,0,0,0
289,true,23000,1000,true,"drainedByPrune",0,0,0,1,0,0,0
290,true,23000,1000,true,"drainedByPrune",0,0,0,1,0,0,0
291,true,23000,1000,true,"drainedByPrune",0,0,0,1,0,0,0
292,true,23000,1000,true,"drainedByPrune",0,0,0,1,0,0,0
293,true,23000,1000,true,"drainedByPrune",0,0,0,1,0,0,0
294,true,23000,1000,true,"drainedByPrune",0,0,0,1,0,0,0
295,true,23000,1000,true,"drainedByPrune",0,0,0,1,0,0,0
296,true,23000,1000,true,"drainedByPrune",0,0,0,1,0,0,0
297,true,23000,1000,true,"drainedByPrune",0,0,0,1,0,0,0
298,true,23000,1000,true,"drainedByPrune",0,0,0,1,0,0,0
299,true,23000,1000,true,"drainedByPrune",0,0,0,1,0,0,0
300,true,23000,1000,true,"drainedByPrune",0,0,0,1,0,0,0
301,true,23000,1000,true,"drainedByPrune",0,0,0,1,0,0,0
302,true,23000,1000,true,"drainedByPrune",0,0,0,1,0,0,0
303,true,23000,1000,true,"drainedByPrune",0,0,0,1,0,0,0
304,true,23000,1000,true,"drainedByPrune",0,0,0,1,0,0,0
305,true,23000,1000,true,"drainedByPrune",0,0,0,1,0,0,0
306,true,23000,1000,true,"drainedByPrune",0,0,0,1,0,0,0
307,true,23000,1000,true,"drainedByPrune",0,0,0,1,0,0,0
308,true,23000,1000,true,"drainedByPrune",0,0,0,1,0,0,0
309,true,23000,1000,true,"drainedByPrune",0,0,0,1,0,0,0
310,true,23000,1000,true,"drainedByPrune",0,0,0,1,0,0,0
311,true,23000,1000,true,"drainedByPrune",0,0,0,1,0,0,0
312,true,23000,1000,true,"drainedByPrune",0,0,0,1,0,0,0
313,true,23000,1000,true,"drainedByPrune",0,0,0,1,0,0,0
314,true,23000,1000,true,"drainedByPrune",0,0,0,1,0,0,0
315,true,23000,1000,true,"drainedByPrune",0,0,0,1,0,0,0
316,true,23000,1000,true,"drainedByPrune",0,0,0,1,0,0,0
317,true,23000,1000,true,"drainedByPrune",0,0,0,1,0,0,0
318,true,23000,1000,true,"drainedByPrune",0,0,0,1,0,0,0
319,true,23000,1000,true,"drainedByPrune",0,0,0,1,0,0,0
320,true,23000,1000,true,"drainedByPrune",0,0,0,1,0,0,0
321,true,23000,1000,true,"drainedByPrune",0,0,0,1,0,0,0
322,true,23000,1000,true,"drainedByPrune",0,0,0,1,0,0,0
323,true,23000,1000,true,"drainedByPrune",0,0,0,1,0,0,0
324,true,23000,1000,true,"drainedByPrune",0,0,0,1,0,0,0
325,true,23000,1000,true,"drainedByPrune",0,0,0,1,0,0,0
326,true,23000,1000,true,"drainedByPrune",0,0,0,1,0,0,0
327,true,23000,1000,true,"drainedByPrune",0,0,0,1,0,0,0
328,true,23000,1000,true,"drainedByPrune",0,0,0,1,0,0,0
329,true,23000,1000,true,"drainedByPrune",0,0,0,1,0,0,0
330,true,23000,1000,true,"drainedByPrune",0,0,0,1,0,0,0
331,true,23000,1000,true,"drainedByPrune",0,0,0,1,0,0,0
332,true,23000,1000,true,"drainedByPrune",0,0,0,1,0,0,0
333,true,23000,1000,true,"drainedByPrune",0,0,0,1,0,0,0
334,true,23000,1000,true,"drainedByPrune",0,0,0,1,0,0,0
335,true,23000,1000,true,"drainedByPrune",0,0,0,1,0,0,0
336,true,23000,1000,true,"drainedByPrune",0,0,0,1,0,0,0
337,true,23000,1000,true,"drainedByPrune",0,0,0,1,0,0,0
338,true,23000,1000,true,"drainedByPrune",0,0,0,1,0,0,0
339,true,23000,1000,true,"drainedByPrune",0,0,0,1,0,0,0
340,true,23000,1000,true,"drainedByPrune",0,0,0,1,0,0,0
341,true,23000,1000,true,"drainedByPrune",0,0,0,1,0,0,0
342,true,23000,1000,true,"drainedByPrune",0,0,0,1,0,0,0
343,true,23000,1000,true,"drainedByPrune",0,0,0,1,0,0,0
344,true,23000,1000,true,"drainedByPrune",0,0,0,1,0,0,0
345,true,23000,1000,true,"drainedByPrune",0,0,0,1,0,0,0
346,true,23000,1000,true,"drainedByPrune",0,0,0,1,0,0,0
347,true,23000,1000,true,"drainedByPrune",0,0,0,1,0,0,0
348,true,23000,1000,true,"drainedByPrune",0,0,0,1,0,0,0
349,true,23000,1000,true,"drainedByPrune",0,0,0,1,0,0,0
350,true,23000,1000,true,"drainedByPrune",0,0,0,1,0,0,0
351,true,23000,1000,true,"drainedByPrune",0,0,0,1,0,0,0
352,true,23000,1000,true,"drainedByPrune",0,0,0,1,0,0,0
353,true,23000,1000,true,"drainedByPrune",0,0,0,1,0,0,0
354,true,23000,1000,true,"drainedByPrune",0,0,0,1,0,0,0
355,true,23000,1000,true,"drainedByPrune",0,0,0,1,0,0,0
356,true,23000,1000,true,"drainedByPrune",0,0,0,1,0,0,0
357,true,23000,1000,true,"drainedByPrune",0,0,0,1,0,0,0
358,true,23000,1000,true,"drainedByPrune",0,0,0,1,0,0,0
359,true,23000,1000,true,"drainedByPrune",0,0,0,1,0,0,0
360,true,23000,1000,true,"drainedByPrune",0,0,0,1,0,0,0
361,true,23000,1000,true,"drainedByPrune",0,0,0,1,0,0,0
362,true,23000,1000,true,"drainedByPrune",0,0,0,1,0,0,0
363,true,23000,1000,true,"drainedByPrune",0,0,0,1,0,0,0
364,true,23000,1000,true,"drainedByPrune",0,0,0,1,0,0,0
365,true,23000,1000,true,"drainedByPrune",0,0,0,1,0,0,0
366,true,23000,1000,true,"drainedByPrune",0,0,0,1,0,0,0
367,true,23000,1000,true,"drainedByPrune",0,0,0,1,0,0,0
368,true,23000,1000,true,"drainedByPrune",0,0,0,1,0,0,0
369,true,23000,1000,true,"drainedByPrune",0,0,0,1,0,0,0
370,true,23000,1000,true,"drainedByPrune",0,0,0,1,0,0,0
371,true,23000,1000,true,"drainedByPrune",0,0,0,1,0,0,0
372,true,23000,1000,true,"drainedByPrune",0,0,0,1,0,0,0
373,true,23000,1000,true,"drainedByPrune",0,0,0,1,0,0,0
374,true,23000,1000,true,"drainedByPrune",0,0,0,1,0,0,0
375,true,23000,1000,true,"drainedByPrune",0,0,0,1,0,0,0
376,true,23000,1000,true,"drainedByPrune",0,0,0,1,0,0,0
377,true,23000,1000,true,"drainedByPrune",0,0,0,1,0,0,0
378,true,23000,1000,true,"drainedByPrune",0,0,0,1,0,0,0
379,true,23000,1000,true,"drainedByPrune",0,0,0,1,0,0,0
380,true,23000,1000,true,"drainedByPrune",0,0,0,1,0,0,0
381,true,23000,1000,true,"drainedByPrune",0,0,0,1,0,0,0
382,true,23000,1000,true,"drainedByPrune",0,0,0,1,0,0,0
383,true,23000,1000,true,"drainedByPrune",0,0,0,1,0,0,0
384,true,23000,1000,true,"drainedByPrune",0,0,0,1,0,0,0
385,true,23000,1000,true,"drainedByPrune",0,0,0,1,0,0,0
386,true,23000,1000,true,"drainedByPrune",0,0,0,1,0,0,0
387,true,23000,1000,true,"drainedByPrune",0,0,0,1,0,0,0
388,true,23000,1000,true,"drainedByPrune",0,0,0,1,0,0,0
389,true,23000,1000,true,"drainedByPrune",0,0,0,1,0,0,0
390,true,23000,1000,true,"drainedByPrune",0,0,0,1,0,0,0
391,true,23000,1000,true,"drainedByPrune",0,0,0,1,0,0,0
392,true,23000,1000,true,"drainedByPrune",0,0,0,1,0,0,0
393,true,23000,1000,true,"drainedByPrune",0,0,0,1,0,0,0
394,true,23000,1000,true,"drainedByPrune",0,0,0,1,0,0,0
395,true,23000,1000,true,"drainedByPrune",0,0,0,1,0,0,0
396,true,23000,1000,true,"drainedByPrune",0,0,0,1,0,0,0
397,true,23000,1000,true,"drainedByPrune",0,0,0,1,0,0,0
398,true,23000,1000,true,"drainedByPrune",0,0,0,1,0,0,0
399,true,23000,1000,true,"drainedByPrune",0,0,0,1,0,0,0
400,true,23000,1000,true,"drainedByPrune",0,0,0,1,0,0,0
401,true,23000,1000,true,"drainedByPrune",0,0,0,1,0,0,0
402,true,23000,1000,true,"drainedByPrune",0,0,0,1,0,0,0
403,true,23000,1000,true,"drainedByPrune",0,0,0,1,0,0,0
404,true,23000,1000,true,"drainedByPrune",0,0,0,1,0,0,0
405,true,23000,1000,true,"drainedByPrune",0,0,0,1,0,0,0
406,true,23000,1000,true,"drainedByPrune",0,0,0,1,0,0,0
407,true,23000,1000,true,"drainedByPrune",0,0,0,1,0,0,0
408,true,23000,1000,true,"drainedByPrune",0,0,0,1,0,0,0
409,true,23000,1000,true,"drainedByPrune",0,0,0,1,0,0,0
410,true,23000,1000,true,"drainedByPrune",0,0,0,1,0,0,0
411,true,23000,1000,true,"drainedByPrune",0,0,0,1,0,0,0
412,true,23000,1000,true,"drainedByPrune",0,0,0,1,0,0,0
413,true,23000,1000,true,"drainedByPrune",0,0,0,1,0,0,0
414,true,23000,1000,true,"drainedByPrune",0,0,0,1,0,0,0
415,true,23000,1000,true,"drainedByPrune",0,0,0,1,0,0,0
416,true,23000,1000,true,"drainedByPrune",0,0,0,1,0,0,0
417,true,23000,1000,true,"drainedByPrune",0,0,0,1,0,0,0
418,true,23000,1000,true,"drainedByPrune",0,0,0,1,0,0,0
419,true,23000,1000,true,"drainedByPrune",0,0,0,1,0,0,0
420,true,23000,1000,true,"drainedByPrune",0,0,0,1,0,0,0
421,true,23000,1000,true,"drainedByPrune",0,0,0,1,0,0,0
422,true,23000,1000,true,"drainedByPrune",0,0,0,1,0,0,0
423,true,23000,1000,true,"drainedByPrune",0,0,0,1,0,0,0
424,true,23000,1000,true,"drainedByPrune",0,0,0,1,0,0,0
425,true,23000,1000,true,"drainedByPrune",0,0,0,1,0,0,0
426,true,23000,1000,true,"drainedByPrune",0,0,0,1,0,0,0
427,true,23000,1000,true,"drainedByPrune",0,0,0,1,0,0,0
428,true,23000,1000,true,"drainedByPrune",0,0,0,1,0,0,0
429,true,23000,1000,true,"drainedByPrune",0,0,0,1,0,0,0
430,true,23000,1000,true,"drainedByPrune",0,0,0,1,0,0,0
431,true,23000,1000,true,"drainedByPrune",0,0,0,1,0,0,0
432,true,23000,1000,true,"drainedByPrune",0,0,0,1,0,0,0
433,true,23000,1000,true,"drainedByPrune",0,0,0,1,0,0,0
434,true,23000,1000,true,"drainedByPrune",0,0,0,1,0,0,0
435,true,23000,1000,true,"drainedByPrune",0,0,0,1,0,0,0
436,true,23000,1000,true,"drainedByPrune",0,0,0,1,0,0,0
437,true,23000,1000,true,"drainedByPrune",0,0,0,1,0,0,0
438,true,23000,1000,true,"drainedByPrune",0,0,0,1,0,0,0
439,true,23000,1000,true,"drainedByPrune",0,0,0,1,0,0,0
440,true,23000,1000,true,"drainedByPrune",0,0,0,1,0,0,0
441,true,23000,1000,true,"drainedByPrune",0,0,0,1,0,0,0
442,true,23000,1000,true,"drainedByPrune",0,0,0,1,0,0,0
443,true,23000,1000,true,"drainedByPrune",0,0,0,1,0,0,0
444,true,23000,1000,true,"drainedByPrune",0,0,0,1,0,0,0
445,true,23000,1000,true,"drainedByPrune",0,0,0,1,0,0,0
446,true,23000,1000,true,"drainedByPrune",0,0,0,1,0,0,0
447,true,23000,1000,true,"drainedByPrune",0,0,0,1,0,0,0
448,true,23000,1000,true,"drainedByPrune",0,0,0,1,0,0,0
449,true,23000,1000,true,"drainedByPrune",0,0,0,1,0,0,0
450,true,23000,1000,true,"drainedByPrune",0,0,0,1,0,0,0
451,true,23000,1000,true,"drainedByPrune",0,0,0,1,0,0,0
452,true,23000,1000,true,"drainedByPrune",0,0,0,1,0,0,0
453,true,23000,1000,true,"drainedByPrune",0,0,0,1,0,0,0
454,true,23000,1000,true,"drainedByPrune",0,0,0,1,0,0,0
455,true,23000,1000,true,"drainedByPrune",0,0,0,1,0,0,0
456,true,23000,1000,true,"drainedByPrune",0,0,0,1,0,0,0
457,true,23000,1000,true,"drainedByPrune",0,0,0,1,0,0,0
458,true,23000,1000,true,"drainedByPrune",0,0,0,1,0,0,0
459,true,23000,1000,true,"drainedByPrune",0,0,0,1,0,0,0
460,true,23000,1000,true,"drainedByPrune",0,0,0,1,0,0,0
461,true,23000,1000,true,"drainedByPrune",0,0,0,1,0,0,0
462,true,23000,1000,true,"drainedByPrune",0,0,0,1,0,0,0
463,true,23000,1000,true,"drainedByPrune",0,0,0,1,0,0,0
464,true,23000,1000,true,"drainedByPrune",0,0,0,1,0,0,0
465,true,23000,1000,true,"drainedByPrune",0,0,0,1,0,0,0
466,true,23000,1000,true,"drainedByPrune",0,0,0,1,0,0,0
467,true,23000,1000,true,"drainedByPrune",0,0,0,1,0,0,0
468,true,23000,1000,true,"drainedByPrune",0,0,0,1,0,0,0
469,true,23000,1000,true,"drainedByPrune",0,0,0,1,0,0,0
470,true,23000,1000,true,"drainedByPrune",0,0,0,1,0,0,0
471,true,23000,1000,true,"drainedByPrune",0,0,0,1,0,0,0
472,true,23000,1000,true,"drainedByPrune",0,0,0,1,0,0,0
473,true,23000,1000,true,"drainedByPrune",0,0,0,1,0,0,0
474,true,23000,1000,true,"drainedByPrune",0,0,0,1,0,0,0
475,true,23000,1000,true,"drainedByPrune",0,0,0,1,0,0,0
476,true,23000,1000,true,"drainedByPrune",0,0,0,1,0,0,0
477,true,23000,1000,true,"drainedByPrune",0,0,0,1,0,0,0
478,true,23000,1000,true,"drainedByPrune",0,0,0,1,0,0,0
479,true,23000,1000,true,"drainedByPrune",0,0,0,1,0,0,0
480,true,23000,1000,true,"drainedByPrune",0,0,0,1,0,0,0
481,true,23000,1000,true,"drainedByPrune",0,0,0,1,0,0,0
482,true,23000,1000,true,"drainedByPrune",0,0,0,1,0,0,0
483,true,23000,1000,true,"drainedByPrune",0,0,0,1,0,0,0
484,true,23000,1000,true,"drainedByPrune",0,0,0,1,0,0,0
485,true,23000,1000,true,"drainedByPrune",0,0,0,1,0,0,0
486,true,23000,1000,true,"drainedByPrune",0,0,0,1,0,0,0
487,true,23000,1000,true,"drainedByPrune",0,0,0,1,0,0,0
488,true,23000,1000,true,"drainedByPrune",0,0,0,1,0,0,0
489,true,23000,1000,true,"drainedByPrune",0,0,0,1,0,0,0
490,true,23000,1000,true,"drainedByPrune",0,0,0,1,0,0,0
491,true,23000,1000,true,"drainedByPrune",0,0,0,1,0,0,0
492,true,23000,1000,true,"drainedByPrune",0,0,0,1,0,0,0
493,true,23000,1000,true,"drainedByPrune",0,0,0,1,0,0,0
494,true,23000,1000,true,"drainedByPrune",0,0,0,1,0,0,0
495,true,23000,1000,true,"drainedByPrune",0,0,0,1,0,0,0
496,true,23000,1000,true,"drainedByPrune",0,0,0,1,0,0,0
497,true,23000,1000,true,"drainedByPrune",0,0,0,1,0,0,0
498,true,23000,1000,true,"drainedByPrune",0,0,0,1,0,0,0
499,true,23000,1000,true,"drainedByPrune",0,0,0,1,0,0,0
500,true,23000,1000,true,"drainedByPrune",0,0,0,1,0,0,0
501,true,23000,1000,true,"drainedByPrune",0,0,0,1,0,0,0
502,true,23000,1000,true,"drainedByPrune",0,0,0,1,0,0,0
503,true,23000,1000,true,"drainedByPrune",0,0,0,1,0,0,0
504,true,23000,1000,true,"drainedByPrune",0,0,0,1,0,0,0
505,true,23000,1000,true,"drainedByPrune",0,0,0,1,0,0,0
506,true,23000,1000,true,"drainedByPrune",0,0,0,1,0,0,0
507,true,23000,1000,true,"drainedByPrune",0,0,0,1,0,0,0
508,true,23000,1000,true,"drainedByPrune",0,0,0,1,0,0,0
509,true,23000,1000,true,"drainedByPrune",0,0,0,1,0,0,0
510,true,23000,1000,true,"drainedByPrune",0,0,0,1,0,0,0
511,true,23000,1000,true,"drainedByPrune",0,0,0,1,0,0,0
512,true,23000,1000,true,"drainedByPrune",0,0,0,1,0,0,0
513,true,23000,1000,true,"drainedByPrune",0,0,0,1,0,0,0
514,true,23000,1000,true,"drainedByPrune",0,0,0,1,0,0,0
515,true,23000,1000,true,"drainedByPrune",0,0,0,1,0,0,0
516,true,23000,1000,true,"drainedByPrune",0,0,0,1,0,0,0
517,true,23000,1000,true,"drainedByPrune",0,0,0,1,0,0,0
518,true,23000,1000,true,"drainedByPrune",0,0,0,1,0,0,0
519,true,23000,1000,true,"drainedByPrune",0,0,0,1,0,0,0
520,true,23000,1000,true,"drainedByPrune",0,0,0,1,0,0,0
521,true,23000,1000,true,"drainedByPrune",0,0,0,1,0,0,0
522,true,23000,1000,true,"drainedByPrune",0,0,0,1,0,0,0
523,true,23000,1000,true,"drainedByPrune",0,0,0,1,0,0,0
524,true,23000,1000,true,"drainedByPrune",0,0,0,1,0,0,0
525,true,23000,1000,true,"drainedByPrune",0,0,0,1,0,0,0
526,true,23000,1000,true,"drainedByPrune",0,0,0,1,0,0,0
527,true,23000,1000,true,"drainedByPrune",0,0,0,1,0,0,0
528,true,23000,1000,true,"drainedByPrune",0,0,0,1,0,0,0
529,true,23000,1000,true,"drainedByPrune",0,0,0,1,0,0,0
530,true,23000,1000,true,"drainedByPrune",0,0,0,1,0,0,0
531,true,23000,1000,true,"drainedByPrune",0,0,0,1,0,0,0
532,true,23000,1000,true,"drainedByPrune",0,0,0,1,0,0,0
533,true,23000,1000,true,"drainedByPrune",0,0,0,1,0,0,0
534,true,23000,1000,true,"drainedByPrune",0,0,0,1,0,0,0
535,true,23000,1000,true,"drainedByPrune",0,0,0,1,0,0,0
536,true,23000,1000,true,"drainedByPrune",0,0,0,1,0,0,0
537,true,23000,1000,true,"drainedByPrune",0,0,0,1,0,0,0
538,true,23000,1000,true,"drainedByPrune",0,0,0,1,0,0,0
539,true,23000,1000,true,"drainedByPrune",0,0,0,1,0,0,0
540,true,23000,1000,true,"drainedByPrune",0,0,0,1,0,0,0
541,true,23000,1000,true,"drainedByPrune",0,0,0,1,0,0,0
542,true,23000,1000,true,"drainedByPrune",0,0,0,1,0,0,0
543,true,23000,1000,true,"drainedByPrune",0,0,0,1,0,0,0
544,true,23000,1000,true,"drainedByPrune",0,0,0,1,0,0,0
545,true,23000,1000,true,"drainedByPrune",0,0,0,1,0,0,0
546,true,23000,1000,true,"drainedByPrune",0,0,0,1,0,0,0
547,true,23000,1000,true,"drainedByPrune",0,0,0,1,0,0,0
548,true,23000,1000,true,"drainedByPrune",0,0,0,1,0,0,0
549,true,23000,1000,true,"drainedByPrune",0,0,0,1,0,0,0
550,true,23000,1000,true,"drainedByPrune",0,0,0,1,0,0,0
551,true,23000,1000,true,"drainedByPrune",0,0,0,1,0,0,0
552,true,23000,1000,true,"drainedByPrune",0,0,0,1,0,0,0
553,true,23000,1000,true,"drainedByPrune",0,0,0,1,0,0,0
554,true,23000,1000,true,"drainedByPrune",0,0,0,1,0,0,0
555,true,23000,1000,true,"drainedByPrune",0,0,0,1,0,0,0
556,true,23000,1000,true,"drainedByPrune",0,0,0,1,0,0,0
557,true,23000,1000,true,"drainedByPrune",0,0,0,1,0,0,0
558,true,23000,1000,true,"drainedByPrune",0,0,0,1,0,0,0
559,true,23000,1000,true,"drainedByPrune",0,0,0,1,0,0,0
560,true,23000,1000,true,"drainedByPrune",0,0,0,1,0,0,0
561,true,23000,1000,true,"drainedByPrune",0,0,0,1,0,0,0
562,true,23000,1000,true,"drainedByPrune",0,0,0,1,0,0,0
563,true,23000,1000,true,"drainedByPrune",0,0,0,1,0,0,0
564,true,23000,1000,true,"drainedByPrune",0,0,0,1,0,0,0
565,true,23000,1000,true,"drainedByPrune",0,0,0,1,0,0,0
566,true,23000,1000,true,"drainedByPrune",0,0,0,1,0,0,0
567,true,23000,1000,true,"drainedByPrune",0,0,0,1,0,0,0
568,true,23000,1000,true,"drainedByPrune",0,0,0,1,0,0,0
569,true,23000,1000,true,"drainedByPrune",0,0,0,1,0,0,0
570,true,23000,1000,true,"drainedByPrune",0,0,0,1,0,0,0
571,true,23000,1000,true,"drainedByPrune",0,0,0,1,0,0,0
572,true,23000,1000,true,"drainedByPrune",0,0,0,1,0,0,0
573,true,23000,1000,true,"drainedByPrune",0,0,0,1,0,0,0
574,true,23000,1000,true,"drainedByPrune",0,0,0,1,0,0,0
575,true,23000,1000,true,"drainedByPrune",0,0,0,1,0,0,0
576,true,23000,1000,true,"drainedByPrune",0,0,0,1,0,0,0
577,true,23000,1000,true,"drainedByPrune",0,0,0,1,0,0,0
578,true,23000,1000,true,"drainedByPrune",0,0,0,1,0,0,0
579,true,23000,1000,true,"drainedByPrune",0,0,0,1,0,0,0
580,true,23000,1000,true,"drainedByPrune",0,0,0,1,0,0,0
581,true,23000,1000,true,"drainedByPrune",0,0,0,1,0,0,0
582,true,23000,1000,true,"drainedByPrune",0,0,0,1,0,0,0
583,true,23000,1000,true,"drainedByPrune",0,0,0,1,0,0,0
584,true,23000,1000,true,"drainedByPrune",0,0,0,1,0,0,0
585,true,23000,1000,true,"drainedByPrune",0,0,0,1,0,0,0
586,true,23000,1000,true,"drainedByPrune",0,0,0,1,0,0,0
587,true,23000,1000,true,"drainedByPrune",0,0,0,1,0,0,0
588,true,23000,1000,true,"drainedByPrune",0,0,0,1,0,0,0
589,true,23000,1000,true,"drainedByPrune",0,0,0,1,0,0,0
590,true,23000,1000,true,"drainedByPrune",0,0,0,1,0,0,0
591,true,23000,1000,true,"drainedByPrune",0,0,0,1,0,0,0
592,true,23000,1000,true,"drainedByPrune",0,0,0,1,0,0,0
593,true,23000,1000,true,"drainedByPrune",0,0,0,1,0,0,0
594,true,23000,1000,true,"drainedByPrune",0,0,0,1,0,0,0
595,true,23000,1000,true,"drainedByPrune",0,0,0,1,0,0,0
596,true,23000,1000,true,"drainedByPrune",0,0,0,1,0,0,0
597,true,23000,1000,true,"drainedByPrune",0,0,0,1,0,0,0
598,true,23000,1000,true,"drainedByPrune",0,0,0,1,0,0,0
599,true,23000,1000,true,"drainedByPrune",0,0,0,1,0,0,0
600,true,23000,1000,true,"drainedByPrune",0,0,0,1,0,0,0
601,true,23000,1000,true,"drainedByPrune",0,0,0,1,0,0,0
602,true,23000,1000,true,"drainedByPrune",0,0,0,1,0,0,0
603,true,23000,1000,true,"drainedByPrune",0,0,0,1,0,0,0
604,true,23000,1000,true,"drainedByPrune",0,0,0,1,0,0,0
605,true,23000,1000,true,"drainedByPrune",0,0,0,1,0,0,0
606,true,23000,1000,true,"drainedByPrune",0,0,0,1,0,0,0
607,true,23000,1000,true,"drainedByPrune",0,0,0,1,0,0,0
608,true,23000,1000,true,"drainedByPrune",0,0,0,1,0,0,0
609,true,23000,1000,true,"drainedByPrune",0,0,0,1,0,0,0
610,true,23000,1000,true,"drainedByPrune",0,0,0,1,0,0,0
611,true,23000,1000,true,"drainedByPrune",0,0,0,1,0,0,0
612,true,23000,1000,true,"drainedByPrune",0,0,0,1,0,0,0
613,true,23000,1000,true,"drainedByPrune",0,0,0,1,0,0,0
614,true,23000,1000,true,"drainedByPrune",0,0,0,1,0,0,0
615,true,23000,1000,true,"drainedByPrune",0,0,0,1,0,0,0
616,true,23000,1000,true,"drainedByPrune",0,0,0,1,0,0,0
617,true,23000,1000,true,"drainedByPrune",0,0,0,1,0,0,0
618,true,23000,1000,true,"drainedByPrune",0,0,0,1,0,0,0
619,true,23000,1000,true,"drainedByPrune",0,0,0,1,0,0,0
620,true,23000,1000,true,"drainedByPrune",0,0,0,1,0,0,0
621,true,23000,1000,true,"drainedByPrune",0,0,0,1,0,0,0
622,true,23000,1000,true,"drainedByPrune",0,0,0,1,0,0,0
623,true,23000,1000,true,"drainedByPrune",0,0,0,1,0,0,0
624,true,23000,1000,true,"drainedByPrune",0,0,0,1,0,0,0
625,true,23000,1000,true,"drainedByPrune",0,0,0,1,0,0,0
626,true,23000,1000,true,"drainedByPrune",0,0,0,1,0,0,0
627,true,23000,1000,true,"drainedByPrune",0,0,0,1,0,0,0
628,true,23000,1000,true,"drainedByPrune",0,0,0,1,0,0,0
629,true,23000,1000,true,"drainedByPrune",0,0,0,1,0,0,0
630,true,23000,1000,true,"drainedByPrune",0,0,0,1,0,0,0
631,true,23000,1000,true,"drainedByPrune",0,0,0,1,0,0,0
632,true,23000,1000,true,"drainedByPrune",0,0,0,1,0,0,0
633,true,23000,1000,true,"drainedByPrune",0,0,0,1,0,0,0
634,true,23000,1000,true,"drainedByPrune",0,0,0,1,0,0,0
635,true,23000,1000,true,"drainedByPrune",0,0,0,1,0,0,0
636,true,23000,1000,true,"drainedByPrune",0,0,0,1,0,0,0
637,true,23000,1000,true,"drainedByPrune",0,0,0,1,0,0,0
638,true,23000,1000,true,"drainedByPrune",0,0,0,1,0,0,0
639,true,23000,1000,true,"drainedByPrune",0,0,0,1,0,0,0
640,true,23000,1000,true,"drainedByPrune",0,0,0,1,0,0,0
641,true,23000,1000,true,"drainedByPrune",0,0,0,1,0,0,0
642,true,23000,1000,true,"drainedByPrune",0,0,0,1,0,0,0
643,true,23000,1000,true,"drainedByPrune",0,0,0,1,0,0,0
644,true,23000,1000,true,"drainedByPrune",0,0,0,1,0,0,0
645,true,23000,1000,true,"drainedByPrune",0,0,0,1,0,0,0
646,true,23000,1000,true,"drainedByPrune",0,0,0,1,0,0,0
647,true,23000,1000,true,"drainedByPrune",0,0,0,1,0,0,0
648,true,23000,1000,true,"drainedByPrune",0,0,0,1,0,0,0
649,true,23000,1000,true,"drainedByPrune",0,0,0,1,0,0,0
650,true,23000,1000,true,"drainedByPrune",0,0,0,1,0,0,0
651,true,23000,1000,true,"drainedByPrune",0,0,0,1,0,0,0
652,true,23000,1000,true,"drainedByPrune",0,0,0,1,0,0,0
653,true,23000,1000,true,"drainedByPrune",0,0,0,1,0,0,0
654,true,23000,1000,true,"drainedByPrune",0,0,0,1,0,0,0
655,true,23000,1000,true,"drainedByPrune",0,0,0,1,0,0,0
656,true,23000,1000,true,"drainedByPrune",0,0,0,1,0,0,0
657,true,23000,1000,true,"drainedByPrune",0,0,0,1,0,0,0
658,true,23000,1000,true,"drainedByPrune",0,0,0,1,0,0,0
659,true,23000,1000,true,"drainedByPrune",0,0,0,1,0,0,0
660,true,23000,1000,true,"drainedByPrune",0,0,0,1,0,0,0
661,true,23000,1000,true,"drainedByPrune",0,0,0,1,0,0,0
662,true,23000,1000,true,"drainedByPrune",0,0,0,1,0,0,0
663,true,23000,1000,true,"drainedByPrune",0,0,0,1,0,0,0
664,true,23000,1000,true,"drainedByPrune",0,0,0,1,0,0,0
665,true,23000,1000,true,"drainedByPrune",0,0,0,1,0,0,0
666,true,23000,1000,true,"drainedByPrune",0,0,0,1,0,0,0
667,true,23000,1000,true,"drainedByPrune",0,0,0,1,0,0,0
668,true,23000,1000,true,"drainedByPrune",0,0,0,1,0,0,0
669,true,23000,1000,true,"drainedByPrune",0,0,0,1,0,0,0
670,true,23000,1000,true,"drainedByPrune",0,0,0,1,0,0,0
671,true,23000,1000,true,"drainedByPrune",0,0,0,1,0,0,0
672,true,23000,1000,true,"drainedByPrune",0,0,0,1,0,0,0
673,true,23000,1000,true,"drainedByPrune",0,0,0,1,0,0,0
674,true,23000,1000,true,"drainedByPrune",0,0,0,1,0,0,0
675,true,23000,1000,true,"drainedByPrune",0,0,0,1,0,0,0
676,true,23000,1000,true,"drainedByPrune",0,0,0,1,0,0,0
677,true,23000,1000,true,"drainedByPrune",0,0,0,1,0,0,0
678,true,23000,1000,true,"drainedByPrune",0,0,0,1,0,0,0
679,true,23000,1000,true,"drainedByPrune",0,0,0,1,0,0,0
680,true,23000,1000,true,"drainedByPrune",0,0,0,1,0,0,0
681,true,23000,1000,true,"drainedByPrune",0,0,0,1,0,0,0
682,true,23000,1000,true,"drainedByPrune",0,0,0,1,0,0,0
683,true,23000,1000,true,"drainedByPrune",0,0,0,1,0,0,0
684,true,23000,1000,true,"drainedByPrune",0,0,0,1,0,0,0
685,true,23000,1000,true,"drainedByPrune",0,0,0,1,0,0,0
686,true,23000,1000,true,"drainedByPrune",0,0,0,1,0,0,0
687,true,23000,1000,true,"drainedByPrune",0,0,0,1,0,0,0
688,true,23000,1000,true,"drainedByPrune",0,0,0,1,0,0,0
689,true,23000,1000,true,"drainedByPrune",0,0,0,1,0,0,0
690,true,23000,1000,true,"drainedByPrune",0,0,0,1,0,0,0
691,true,23000,1000,true,"drainedByPrune",0,0,0,1,0,0,0
692,true,23000,1000,true,"drainedByPrune",0,0,0,1,0,0,0
693,true,23000,1000,true,"drainedByPrune",0,0,0,1,0,0,0
694,true,23000,1000,true,"drainedByPrune",0,0,0,1,0,0,0
695,true,23000,1000,true,"drainedByPrune",0,0,0,1,0,0,0
696,true,23000,1000,true,"drainedByPrune",0,0,0,1,0,0,0
697,true,23000,1000,true,"drainedByPrune",0,0,0,1,0,0,0
698,true,23000,1000,true,"drainedByPrune",0,0,0,1,0,0,0
699,true,23000,1000,true,"drainedByPrune",0,0,0,1,0,0,0
700,true,23000,1000,true,"drainedByPrune",0,0,0,1,0,0,0
701,true,23000,1000,true,"drainedByPrune",0,0,0,1,0,0,0
702,true,23000,1000,true,"drainedByPrune",0,0,0,1,0,0,0
703,true,23000,1000,true,"drainedByPrune",0,0,0,1,0,0,0
704,true,23000,1000,true,"drainedByPrune",0,0,0,1,0,0,0
705,true,23000,1000,true,"drainedByPrune",0,0,0,1,0,0,0
706,true,23000,1000,true,"drainedByPrune",0,0,0,1,0,0,0
707,true,23000,1000,true,"drainedByPrune",0,0,0,1,0,0,0
708,true,23000,1000,true,"drainedByPrune",0,0,0,1,0,0,0
709,true,23000,1000,true,"drainedByPrune",0,0,0,1,0,0,0
710,true,23000,1000,true,"drainedByPrune",0,0,0,1,0,0,0
711,true,23000,1000,true,"drainedByPrune",0,0,0,1,0,0,0
712,true,23000,1000,true,"drainedByPrune",0,0,0,1,0,0,0
713,true,23000,1000,true,"drainedByPrune",0,0,0,1,0,0,0
714,true,23000,1000,true,"drainedByPrune",0,0,0,1,0,0,0
715,true,23000,1000,true,"drainedByPrune",0,0,0,1,0,0,0
716,true,23000,1000,true,"drainedByPrune",0,0,0,1,0,0,0
717,true,23000,1000,true,"drainedByPrune",0,0,0,1,0,0,0
718,true,23000,1000,true,"drainedByPrune",0,0,0,1,0,0,0
719,true,23000,1000,true,"drainedByPrune",0,0,0,1,0,0,0
720,true,23000,1000,true,"drainedByPrune",0,0,0,1,0,0,0
721,true,23000,1000,true,"drainedByPrune",0,0,0,1,0,0,0
722,true,23000,1000,true,"drainedByPrune",0,0,0,1,0,0,0
723,true,23000,1000,true,"drainedByPrune",0,0,0,1,0,0,0
724,true,23000,1000,true,"drainedByPrune",0,0,0,1,0,0,0
725,true,23000,1000,true,"drainedByPrune",0,0,0,1,0,0,0
726,true,23000,1000,true,"drainedByPrune",0,0,0,1,0,0,0
727,true,23000,1000,true,"drainedByPrune",0,0,0,1,0,0,0
728,true,23000,1000,true,"drainedByPrune",0,0,0,1,0,0,0
729,true,23000,1000,true,"drainedByPrune",0,0,0,1,0,0,0
730,true,23000,1000,true,"drainedByPrune",0,0,0,1,0,0,0
731,true,23000,1000,true,"drainedByPrune",0,0,0,1,0,0,0
732,true,23000,1000,true,"drainedByPrune",0,0,0,1,0,0,0
733,true,23000,1000,true,"drainedByPrune",0,0,0,1,0,0,0
734,true,23000,1000,true,"drainedByPrune",0,0,0,1,0,0,0
735,true,23000,1000,true,"drainedByPrune",0,0,0,1,0,0,0
736,true,23000,1000,true,"drainedByPrune",0,0,0,1,0,0,0
737,true,23000,1000,true,"drainedByPrune",0,0,0,1,0,0,0
738,true,23000,1000,true,"drainedByPrune",0,0,0,1,0,0,0
739,true,23000,1000,true,"drainedByPrune",0,0,0,1,0,0,0
740,true,23000,1000,true,"drainedByPrune",0,0,0,1,0,0,0
741,true,23000,1000,true,"drainedByPrune",0,0,0,1,0,0,0
742,true,23000,1000,true,"drainedByPrune",0,0,0,1,0,0,0
743,true,23000,1000,true,"drainedByPrune",0,0,0,1,0,0,0
744,true,23000,1000,true,"drainedByPrune",0,0,0,1,0,0,0
745,true,23000,1000,true,"drainedByPrune",0,0,0,1,0,0,0
746,true,23000,1000,true,"drainedByPrune",0,0,0,1,0,0,0
747,true,23000,1000,true,"drainedByPrune",0,0,0,1,0,0,0
748,true,23000,1000,true,"drainedByPrune",0,0,0,1,0,0,0
749,true,23000,1000,true,"drainedByPrune",0,0,0,1,0,0,0
750,true,23000,1000,true,"drainedByPrune",0,0,0,1,0,0,0
751,true,23000,1000,true,"drainedByPrune",0,0,0,1,0,0,0
752,true,23000,1000,true,"drainedByPrune",0,0,0,1,0,0,0
753,true,23000,1000,true,"drainedByPrune",0,0,0,1,0,0,0
754,true,23000,1000,true,"drainedByPrune",0,0,0,1,0,0,0
755,true,23000,1000,true,"drainedByPrune",0,0,0,1,0,0,0
756,true,23000,1000,true,"drainedByPrune",0,0,0,1,0,0,0
757,true,23000,1000,true,"drainedByPrune",0,0,0,1,0,0,0
758,true,23000,1000,true,"drainedByPrune",0,0,0,1,0,0,0
759,true,23000,1000,true,"drainedByPrune",0,0,0,1,0,0,0
760,true,23000,1000,true,"drainedByPrune",0,0,0,1,0,0,0
761,true,23000,1000,true,"drainedByPrune",0,0,0,1,0,0,0
762,true,23000,1000,true,"drainedByPrune",0,0,0,1,0,0,0
763,true,23000,1000,true,"drainedByPrune",0,0,0,1,0,0,0
764,true,23000,1000,true,"drainedByPrune",0,0,0,1,0,0,0
765,true,23000,1000,true,"drainedByPrune",0,0,0,1,0,0,0
766,true,23000,1000,true,"drainedByPrune",0,0,0,1,0,0,0
767,true,23000,1000,true,"drainedByPrune",0,0,0,1,0,0,0
768,true,23000,1000,true,"drainedByPrune",0,0,0,1,0,0,0
769,true,23000,1000,true,"drainedByPrune",0,0,0,1,0,0,0
770,true,23000,1000,true,"drainedByPrune",0,0,0,1,0,0,0
771,true,23000,1000,true,"drainedByPrune",0,0,0,1,0,0,0
772,true,23000,1000,true,"drainedByPrune",0,0,0,1,0,0,0
773,true,23000,1000,true,"drainedByPrune",0,0,0,1,0,0,0
774,true,23000,1000,true,"drainedByPrune",0,0,0,1,0,0,0
775,true,23000,1000,true,"drainedByPrune",0,0,0,1,0,0,0
776,true,23000,1000,true,"drainedByPrune",0,0,0,1,0,0,0
777,true,23000,1000,true,"drainedByPrune",0,0,0,1,0,0,0
778,true,23000,1000,true,"drainedByPrune",0,0,0,1,0,0,0
779,true,23000,1000,true,"drainedByPrune",0,0,0,1,0,0,0
780,true,23000,1000,true,"drainedByPrune",0,0,0,1,0,0,0
781,true,23000,1000,true,"drainedByPrune",0,0,0,1,0,0,0
782,true,23000,1000,true,"drainedByPrune",0,0,0,1,0,0,0
783,true,23000,1000,true,"drainedByPrune",0,0,0,1,0,0,0
784,true,23000,1000,true,"drainedByPrune",0,0,0,1,0,0,0
785,true,23000,1000,true,"drainedByPrune",0,0,0,1,0,0,0
786,true,23000,1000,true,"drainedByPrune",0,0,0,1,0,0,0
787,true,23000,1000,true,"drainedByPrune",0,0,0,1,0,0,0
788,true,23000,1000,true,"drainedByPrune",0,0,0,1,0,0,0
789,true,23000,1000,true,"drainedByPrune",0,0,0,1,0,0,0
790,true,23000,1000,true,"drainedByPrune",0,0,0,1,0,0,0
791,true,23000,1000,true,"drainedByPrune",0,0,0,1,0,0,0
792,true,23000,1000,true,"drainedByPrune",0,0,0,1,0,0,0
793,true,23000,1000,true,"drainedByPrune",0,0,0,1,0,0,0
794,true,23000,1000,true,"drainedByPrune",0,0,0,1,0,0,0
795,true,23000,1000,true,"drainedByPrune",0,0,0,1,0,0,0
796,true,23000,1000,true,"drainedByPrune",0,0,0,1,0,0,0
797,true,23000,1000,true,"drainedByPrune",0,0,0,1,0,0,0
798,true,23000,1000,true,"drainedByPrune",0,0,0,1,0,0,0
799,true,23000,1000,true,"drainedByPrune",0,0,0,1,0,0,0
800,true,23000,1000,true,"drainedByPrune",0,0,0,1,0,0,0
801,true,23000,1000,true,"drainedByPrune",0,0,0,1,0,0,0
802,true,23000,1000,true,"drainedByPrune",0,0,0,1,0,0,0
803,true,23000,1000,true,"drainedByPrune",0,0,0,1,0,0,0
804,true,23000,1000,true,"drainedByPrune",0,0,0,1,0,0,0
805,true,23000,1000,true,"drainedByPrune",0,0,0,1,0,0,0
806,true,23000,1000,true,"drainedByPrune",0,0,0,1,0,0,0
807,true,23000,1000,true,"drainedByPrune",0,0,0,1,0,0,0
808,true,23000,1000,true,"drainedByPrune",0,0,0,1,0,0,0
809,true,23000,1000,true,"drainedByPrune",0,0,0,1,0,0,0
810,true,23000,1000,true,"drainedByPrune",0,0,0,1,0,0,0
811,true,23000,1000,true,"drainedByPrune",0,0,0,1,0,0,0
812,true,23000,1000,true,"drainedByPrune",0,0,0,1,0,0,0
813,true,23000,1000,true,"drainedByPrune",0,0,0,1,0,0,0
814,true,23000,1000,true,"drainedByPrune",0,0,0,1,0,0,0
815,true,23000,1000,true,"drainedByPrune",0,0,0,1,0,0,0
816,true,23000,1000,true,"drainedByPrune",0,0,0,1,0,0,0
817,true,23000,1000,true,"drainedByPrune",0,0,0,1,0,0,0
818,true,23000,1000,true,"drainedByPrune",0,0,0,1,0,0,0
819,true,23000,1000,true,"drainedByPrune",0,0,0,1,0,0,0
820,true,23000,1000,true,"drainedByPrune",0,0,0,1,0,0,0
821,true,23000,1000,true,"drainedByPrune",0,0,0,1,0,0,0
822,true,23000,1000,true,"drainedByPrune",0,0,0,1,0,0,0
823,true,23000,1000,true,"drainedByPrune",0,0,0,1,0,0,0
824,true,23000,1000,true,"drainedByPrune",0,0,0,1,0,0,0
825,true,23000,1000,true,"drainedByPrune",0,0,0,1,0,0,0
826,true,23000,1000,true,"drainedByPrune",0,0,0,1,0,0,0
827,true,23000,1000,true,"drainedByPrune",0,0,0,1,0,0,0
828,true,23000,1000,true,"drainedByPrune",0,0,0,1,0,0,0
829,true,23000,1000,true,"drainedByPrune",0,0,0,1,0,0,0
830,true,23000,1000,true,"drainedByPrune",0,0,0,1,0,0,0
831,true,23000,1000,true,"drainedByPrune",0,0,0,1,0,0,0
832,true,23000,1000,true,"drainedByPrune",0,0,0,1,0,0,0
833,true,23000,1000,true,"drainedByPrune",0,0,0,1,0,0,0
834,true,23000,1000,true,"drainedByPrune",0,0,0,1,0,0,0
835,true,23000,1000,true,"drainedByPrune",0,0,0,1,0,0,0
836,true,23000,1000,true,"drainedByPrune",0,0,0,1,0,0,0
837,true,23000,1000,true,"drainedByPrune",0,0,0,1,0,0,0
838,true,23000,1000,true,"drainedByPrune",0,0,0,1,0,0,0
839,true,23000,1000,true,"drainedByPrune",0,0,0,1,0,0,0
840,true,23000,1000,true,"drainedByPrune",0,0,0,1,0,0,0
841,true,23000,1000,true,"drainedByPrune",0,0,0,1,0,0,0
842,true,23000,1000,true,"drainedByPrune",0,0,0,1,0,0,0
843,true,23000,1000,true,"drainedByPrune",0,0,0,1,0,0,0
844,true,23000,1000,true,"drainedByPrune",0,0,0,1,0,0,0
845,true,23000,1000,true,"drainedByPrune",0,0,0,1,0,0,0
846,true,23000,1000,true,"drainedByPrune",0,0,0,1,0,0,0
847,true,23000,1000,true,"drainedByPrune",0,0,0,1,0,0,0
848,true,23000,1000,true,"drainedByPrune",0,0,0,1,0,0,0
849,true,23000,1000,true,"drainedByPrune",0,0,0,1,0,0,0
850,true,23000,1000,true,"drainedByPrune",0,0,0,1,0,0,0
851,true,23000,1000,true,"drainedByPrune",0,0,0,1,0,0,0
852,true,23000,1000,true,"drainedByPrune",0,0,0,1,0,0,0
853,true,23000,1000,true,"drainedByPrune",0,0,0,1,0,0,0
854,true,23000,1000,true,"drainedByPrune",0,0,0,1,0,0,0
855,true,23000,1000,true,"drainedByPrune",0,0,0,1,0,0,0
856,true,23000,1000,true,"drainedByPrune",0,0,0,1,0,0,0
857,true,23000,1000,true,"drainedByPrune",0,0,0,1,0,0,0
858,true,23000,1000,true,"drainedByPrune",0,0,0,1,0,0,0
859,true,23000,1000,true,"drainedByPrune",0,0,0,1,0,0,0
860,true,23000,1000,true,"drainedByPrune",0,0,0,1,0,0,0
861,true,23000,1000,true,"drainedByPrune",0,0,0,1,0,0,0
862,true,23000,1000,true,"drainedByPrune",0,0,0,1,0,0,0
863,true,23000,1000,true,"drainedByPrune",0,0,0,1,0,0,0
864,true,23000,1000,true,"drainedByPrune",0,0,0,1,0,0,0
865,true,23000,1000,true,"drainedByPrune",0,0,0,1,0,0,0
866,true,23000,1000,true,"drainedByPrune",0,0,0,1,0,0,0
867,true,23000,1000,true,"drainedByPrune",0,0,0,1,0,0,0
868,true,23000,1000,true,"drainedByPrune",0,0,0,1,0,0,0
869,true,23000,1000,true,"drainedByPrune",0,0,0,1,0,0,0
870,true,23000,1000,true,"drainedByPrune",0,0,0,1,0,0,0
871,true,23000,1000,true,"drainedByPrune",0,0,0,1,0,0,0
872,true,23000,1000,true,"drainedByPrune",0,0,0,1,0,0,0
873,true,23000,1000,true,"drainedByPrune",0,0,0,1,0,0,0
874,true,23000,1000,true,"drainedByPrune",0,0,0,1,0,0,0
875,true,23000,1000,true,"drainedByPrune",0,0,0,1,0,0,0
876,true,23000,1000,true,"drainedByPrune",0,0,0,1,0,0,0
877,true,23000,1000,true,"drainedByPrune",0,0,0,1,0,0,0
878,true,23000,1000,true,"drainedByPrune",0,0,0,1,0,0,0
879,true,23000,1000,true,"drainedByPrune",0,0,0,1,0,0,0
880,true,23000,1000,true,"drainedByPrune",0,0,0,1,0,0,0
881,true,23000,1000,true,"drainedByPrune",0,0,0,1,0,0,0
882,true,23000,1000,true,"drainedByPrune",0,0,0,1,0,0,0
883,true,23000,1000,true,"drainedByPrune",0,0,0,1,0,0,0
884,true,23000,1000,true,"drainedByPrune",0,0,0,1,0,0,0
885,true,23000,1000,true,"drainedByPrune",0,0,0,1,0,0,0
886,true,23000,1000,true,"drainedByPrune",0,0,0,1,0,0,0
887,true,23000,1000,true,"drainedByPrune",0,0,0,1,0,0,0
888,true,23000,1000,true,"drainedByPrune",0,0,0,1,0,0,0
889,true,23000,1000,true,"drainedByPrune",0,0,0,1,0,0,0
890,true,23000,1000,true,"drainedByPrune",0,0,0,1,0,0,0
891,true,23000,1000,true,"drainedByPrune",0,0,0,1,0,0,0
892,true,23000,1000,true,"drainedByPrune",0,0,0,1,0,0,0
893,true,23000,1000,true,"drainedByPrune",0,0,0,1,0,0,0
894,true,23000,1000,true,"drainedByPrune",0,0,0,1,0,0,0
895,true,23000,1000,true,"drainedByPrune",0,0,0,1,0,0,0
896,true,23000,1000,true,"drainedByPrune",0,0,0,1,0,0,0
897,true,23000,1000,true,"drainedByPrune",0,0,0,1,0,0,0
898,true,23000,1000,true,"drainedByPrune",0,0,0,1,0,0,0
899,true,23000,1000,false,"",0,0,0,0,0,1,0
