elapsed_secs,rss_pe
300,1284.781611
360,1146.341812
420,1093.642497
480,925.518498
540,1012.722853
600,955.181193
660,884.035676
720,795.972703
780,782.585194
840,825.522416
900,727.723051
960,722.070742
1020,705.520640
1080,784.166414
1140,744.614535
1200,716.471887
1260,768.724421
1320,671.304034
1380,626.372616
1440,617.495853
1500,607.991231
1560,602.109554
1620,614.721115
1680,653.560528
1740,579.993434
1800,580.480431
1860,595.387180
1920,561.985342
1980,615.726977
2040,601.256890
2100,696.579509
2160,683.328129
2220,670.445266
2280,654.616734
2340,639.238784
2400,631.192735
2460,620.176664
2520,618.433127
2580,587.382134
2640,573.894394
2700,572.904842
2760,560.998127
2821,525.466914
2880,539.939387
2940,586.970105
3000,535.684657
3060,548.748130
3120,506.174712
3180,501.539193
3240,519.294672
3300,510.371909
3360,516.383988
3420,513.854360
3480,539.866063
3540,539.894386
3600,530.641386
3660,523.870423
3720,515.369978
3780,595.292148
3840,525.449650
3900,513.656393
3960,529.171583
4020,542.118003
4080,539.683918
4140,553.116191
4200,538.182273
4260,553.870990
4320,616.562273
4380,604.120169
4440,597.542492
4500,599.832418
4560,597.877648
4620,629.967045
4680,591.223924
4740,589.786002
4800,586.015400
4860,566.050682
4920,564.347747
4980,547.410855
5040,704.804269
5100,531.515509
5160,555.735302
5220,528.970483
5280,554.937489
5340,529.176249
5400,545.114054
