elapsed_secs,topgun_or_prune_passes_total,topgun_or_prune_considered_total,topgun_or_prune_dropped_total,topgun_or_prune_matched_nothing_total,topgun_or_prune_absent_total,topgun_or_prune_restored_read_error_total,topgun_or_prune_restored_evicted_total,topgun_or_prune_restored_write_error_total,topgun_or_prune_bytes_freed_total,topgun_or_prune_epochs_drained_total,topgun_or_prune_empty_drains_total,topgun_or_prune_nonempty_drains_total,topgun_or_prune_lwm_advances_total,topgun_or_prune_lwm_epochs_advanced_total,topgun_or_prune_split_recomputes_total,topgun_or_prune_indexed_refs,topgun_or_prune_indexed_epochs,topgun_or_prune_eligible_refs,topgun_or_prune_ineligible_refs,topgun_or_prune_split_computed_epoch,topgun_or_prune_current_epoch,topgun_or_prune_low_water_mark,topgun_or_prune_durable_epoch_watermark,topgun_or_prune_last_drained_epoch,topgun_or_prune_lwm_stall_seconds,topgun_or_prune_tracked_claims,topgun_or_prune_drain_refs_sum,topgun_or_prune_drain_refs_count,topgun_or_prune_drain_epochs_sum,topgun_or_prune_drain_epochs_count,topgun_or_prune_claim_span_epochs_sum,topgun_or_prune_claim_span_epochs_count,topgun_or_prune_claim_lag_epochs_sum,topgun_or_prune_claim_lag_epochs_count,topgun_or_prune_epoch_considered_sum,topgun_or_prune_epoch_considered_count,topgun_or_prune_epoch_dropped_sum,topgun_or_prune_epoch_dropped_count,topgun_or_prune_epoch_bytes_freed_sum,topgun_or_prune_epoch_bytes_freed_count,topgun_ormap_tombstone_bytes_total,topgun_or_prune_drain_refs_p50
10,,,,,,,,,,,,,,,,,,,,,,,,,,,,,,,,,,,,,,,,,7701,
20,,,,,,,,,,,,,,,,,,,,,,,,,,,,,,,,,,,,,,,,,15701,
30,,,,,,,,,,,,,,,,,,,,,,,,,,,,,,,,,,,,,,,,,23621,
40,,,,,,,,,,,,,,,,,,,,,,,,,,,,,,,,,,,,,,,,,31579,
50,,,,,,,,,,,,,,,,,,,,,,,,,,,,,,,,,,,,,,,,,39559,
60,,,,,,,,,,,,,,,,,,,,,,,,,,,,,,,,,,,,,,,,,44977,
70,,,,,,,,,,,,,,,,,,,,,,,,,,,,,,,,,,,,,,,,,53104,
80,,,,,,,,,,,,,,,,,,,,,,,,,,,,,,,,,,,,,,,,,58795,
90,,,,,,,,,,,,,,,,,,,,,,,,,,,,,,,,,,,,,,,,,66754,
100,,,,,,,,,,,,,,,,,,,,,,,,,,,,,,,,,,,,,,,,,74776,
110,,,,,,,,,,,,,,,,,,,,,,,,,,,,,,,,,,,,,,,,,82189,
120,,,,,,,,,,,,,,,,,,,,,,,,,,,,,,,,,,,,,,,,,87964,
130,,,,,,,,,,,,,,,,,,,,,,,,,,,,,,,,,,,,,,,,,95629,
140,,,,,,,,,,,,,,,,,,,,,,,,,,,,,,,,,,,,,,,,,101404,
150,,,,,,,,,,,,,,,,,,,,,,,,,,,,,,,,,,,,,,,,,110056,
160,,,,,,,,,,,,,,,,,,,,,,,,,,,,,,,,,,,,,,,,,118498,
170,,,,,,,,,,,,,,,,,,,,,,,,,,,,,,,,,,,,,,,,,123769,
180,,,,,,,,,,,,,,,,,,,,,,,,,,,,,,,,,,,,,,,,,132106,
190,,,,,,,,,,,,,,,,,,,,,,,,,,,,,,,,,,,,,,,,,140422,
200,,,,,,,,,,,,,,,,,,,,,,,,,,,,,,,,,,,,,,,,,146554,
210,,,,,,,,,,,,,,,,,,,,,,,,,,,,,,,,,,,,,,,,,154156,
220,,,,,,,,,,,,,,,,,,,,,,,,,,,,,,,,,,,,,,,,,159259,
230,,,,,,,,,,,,,,,,,,,,,,,,,,,,,,,,,,,,,,,,,166378,
240,,,,,,,,,,,,,,,,,,,,,,,,,,,,,,,,,,,,,,,,,174421,
250,,,,,,,,,,,,,,,,,,,,,,,,,,,,,,,,,,,,,,,,,182485,
260,,,,,,,,,,,,,,,,,,,,,,,,,,,,,,,,,,,,,,,,,188470,
270,,,,,,,,,,,,,,,,,,,,,,,,,,,,,,,,,,,,,,,,,196996,
280,,,,,,,,,,,,,,,,,,,,,,,,,,,,,,,,,,,,,,,,,204283,
290,,,,,,,,,,,,,,,,,,,,,,,,,,,,,,,,,,,,,,,,,209701,
300,,,,,,,,,,,,,,,,,,,,,,,,,,,,,,,,,,,,,,,,,217744,
310,,,,,,,,,,,,,,,,,,,,,,,,,,,,,,,,,,,,,,,,,220495,
320,,,,,,,,,,,,,,,,,,,,,,,,,,,,,,,,,,,,,,,,,228727,
330,,,,,,,,,,,,,,,,,,,,,,,,,,,,,,,,,,,,,,,,,237169,
340,,,,,,,,,,,,,,,,,,,,,,,,,,,,,,,,,,,,,,,,,244939,
350,,,,,,,,,,,,,,,,,,,,,,,,,,,,,,,,,,,,,,,,,252961,
360,,,,,,,,,,,,,,,,,,,,,,,,,,,,,,,,,,,,,,,,,258463,
370,,,,,,,,,,,,,,,,,,,,,,,,,,,,,,,,,,,,,,,,,264910,
380,,,,,,,,,,,,,,,,,,,,,,,,,,,,,,,,,,,,,,,,,272428,
390,,,,,,,,,,,,,,,,,,,,,,,,,,,,,,,,,,,,,,,,,280912,
400,,,,,,,,,,,,,,,,,,,,,,,,,,,,,,,,,,,,,,,,,288262,
410,,,,,,,,,,,,,,,,,,,,,,,,,,,,,,,,,,,,,,,,,293071,
420,,,,,,,,,,,,,,,,,,,,,,,,,,,,,,,,,,,,,,,,,301282,
430,,,,,,,,,,,,,,,,,,,,,,,,,,,,,,,,,,,,,,,,,309682,
440,,,,,,,,,,,,,,,,,,,,,,,,,,,,,,,,,,,,,,,,,314456,
450,,,,,,,,,,,,,,,,,,,,,,,,,,,,,,,,,,,,,,,,,322134,
460,,,,,,,,,,,,,,,,,,,,,,,,,,,,,,,,,,,,,,,,,327216,
470,,,,,,,,,,,,,,,,,,,,,,,,,,,,,,,,,,,,,,,,,335686,
480,,,,,,,,,,,,,,,,,,,,,,,,,,,,,,,,,,,,,,,,,344376,
490,,,,,,,,,,,,,,,,,,,,,,,,,,,,,,,,,,,,,,,,,351658,
500,,,,,,,,,,,,,,,,,,,,,,,,,,,,,,,,,,,,,,,,,357884,
510,,,,,,,,,,,,,,,,,,,,,,,,,,,,,,,,,,,,,,,,,365452,
520,,,,,,,,,,,,,,,,,,,,,,,,,,,,,,,,,,,,,,,,,373966,
530,,,,,,,,,,,,,,,,,,,,,,,,,,,,,,,,,,,,,,,,,379048,
540,,,,,,,,,,,,,,,,,,,,,,,,,,,,,,,,,,,,,,,,,387584,
550,,,,,,,,,,,,,,,,,,,,,,,,,,,,,,,,,,,,,,,,,396164,
560,,,,,,,,,,,,,,,,,,,,,,,,,,,,,,,,,,,,,,,,,401796,
570,,,,,,,,,,,,,,,,,,,,,,,,,,,,,,,,,,,,,,,,,408330,
580,,,,,,,,,,,,,,,,,,,,,,,,,,,,,,,,,,,,,,,,,413016,
590,,,,,,,,,,,,,,,,,,,,,,,,,,,,,,,,,,,,,,,,,421530,
600,,,,,,,,,,,,,,,,,,,,,,,,,,,,,,,,,,,,,,,,,429538,
610,,,,,,,,,,,,,,,,,,,,,,,,,,,,,,,,,,,,,,,,,433696,
620,,,,,,,,,,,,,,,,,,,,,,,,,,,,,,,,,,,,,,,,,439768,
630,,,,,,,,,,,,,,,,,,,,,,,,,,,,,,,,,,,,,,,,,448304,
640,,,,,,,,,,,,,,,,,,,,,,,,,,,,,,,,,,,,,,,,,456708,
650,,,,,,,,,,,,,,,,,,,,,,,,,,,,,,,,,,,,,,,,,464254,
660,,,,,,,,,,,,,,,,,,,,,,,,,,,,,,,,,,,,,,,,,470084,
670,,,,,,,,,,,,,,,,,,,,,,,,,,,,,,,,,,,,,,,,,477828,
680,,,,,,,,,,,,,,,,,,,,,,,,,,,,,,,,,,,,,,,,,483878,
690,,,,,,,,,,,,,,,,,,,,,,,,,,,,,,,,,,,,,,,,,490720,
700,,,,,,,,,,,,,,,,,,,,,,,,,,,,,,,,,,,,,,,,,499234,
710,,,,,,,,,,,,,,,,,,,,,,,,,,,,,,,,,,,,,,,,,507484,
720,,,,,,,,,,,,,,,,,,,,,,,,,,,,,,,,,,,,,,,,,511356,
730,,,,,,,,,,,,,,,,,,,,,,,,,,,,,,,,,,,,,,,,,520002,
740,,,,,,,,,,,,,,,,,,,,,,,,,,,,,,,,,,,,,,,,,528274,
750,,,,,,,,,,,,,,,,,,,,,,,,,,,,,,,,,,,,,,,,,533532,
760,,,,,,,,,,,,,,,,,,,,,,,,,,,,,,,,,,,,,,,,,541254,
770,,,,,,,,,,,,,,,,,,,,,,,,,,,,,,,,,,,,,,,,,544884,
780,,,,,,,,,,,,,,,,,,,,,,,,,,,,,,,,,,,,,,,,,553200,
790,,,,,,,,,,,,,,,,,,,,,,,,,,,,,,,,,,,,,,,,,561868,
800,,,,,,,,,,,,,,,,,,,,,,,,,,,,,,,,,,,,,,,,,570206,
810,,,,,,,,,,,,,,,,,,,,,,,,,,,,,,,,,,,,,,,,,575442,
820,,,,,,,,,,,,,,,,,,,,,,,,,,,,,,,,,,,,,,,,,583098,
830,,,,,,,,,,,,,,,,,,,,,,,,,,,,,,,,,,,,,,,,,591546,
840,,,,,,,,,,,,,,,,,,,,,,,,,,,,,,,,,,,,,,,,,596606,
850,,,,,,,,,,,,,,,,,,,,,,,,,,,,,,,,,,,,,,,,,604922,
860,,,,,,,,,,,,,,,,,,,,,,,,,,,,,,,,,,,,,,,,,613194,
870,,,,,,,,,,,,,,,,,,,,,,,,,,,,,,,,,,,,,,,,,620806,
880,,,,,,,,,,,,,,,,,,,,,,,,,,,,,,,,,,,,,,,,,625096,
890,,,,,,,,,,,,,,,,,,,,,,,,,,,,,,,,,,,,,,,,,633082,
900,,,,,,,,,,,,,,,,,,,,,,,,,,,,,,,,,,,,,,,,,637130,
910,,,,,,,,,,,,,,,,,,,,,,,,,,,,,,,,,,,,,,,,,642872,
920,,,,,,,,,,,,,,,,,,,,,,,,,,,,,,,,,,,,,,,,,650770,
930,,,,,,,,,,,,,,,,,,,,,,,,,,,,,,,,,,,,,,,,,657986,
940,,,,,,,,,,,,,,,,,,,,,,,,,,,,,,,,,,,,,,,,,664608,
950,,,,,,,,,,,,,,,,,,,,,,,,,,,,,,,,,,,,,,,,,671362,
960,,,,,,,,,,,,,,,,,,,,,,,,,,,,,,,,,,,,,,,,,680206,
970,,,,,,,,,,,,,,,,,,,,,,,,,,,,,,,,,,,,,,,,,687598,
980,,,,,,,,,,,,,,,,,,,,,,,,,,,,,,,,,,,,,,,,,694748,
991,,,,,,,,,,,,,,,,,,,,,,,,,,,,,,,,,,,,,,,,,700182,
1000,,,,,,,,,,,,,,,,,,,,,,,,,,,,,,,,,,,,,,,,,708190,
1010,,,,,,,,,,,,,,,,,,,,,,,,,,,,,,,,,,,,,,,,,717144,
1020,,,,,,,,,,,,,,,,,,,,,,,,,,,,,,,,,,,,,,,,,723722,
1030,,,,,,,,,,,,,,,,,,,,,,,,,,,,,,,,,,,,,,,,,731290,
1040,,,,,,,,,,,,,,,,,,,,,,,,,,,,,,,,,,,,,,,,,740266,
1050,,,,,,,,,,,,,,,,,,,,,,,,,,,,,,,,,,,,,,,,,747702,
1060,,,,,,,,,,,,,,,,,,,,,,,,,,,,,,,,,,,,,,,,,753400,
1070,,,,,,,,,,,,,,,,,,,,,,,,,,,,,,,,,,,,,,,,,762134,
1080,,,,,,,,,,,,,,,,,,,,,,,,,,,,,,,,,,,,,,,,,770912,
1090,,,,,,,,,,,,,,,,,,,,,,,,,,,,,,,,,,,,,,,,,776016,
1100,,,,,,,,,,,,,,,,,,,,,,,,,,,,,,,,,,,,,,,,,784640,
1110,,,,,,,,,,,,,,,,,,,,,,,,,,,,,,,,,,,,,,,,,793198,
1120,,,,,,,,,,,,,,,,,,,,,,,,,,,,,,,,,,,,,,,,,796960,
1130,,,,,,,,,,,,,,,,,,,,,,,,,,,,,,,,,,,,,,,,,805518,
1140,,,,,,,,,,,,,,,,,,,,,,,,,,,,,,,,,,,,,,,,,814186,
1150,,,,,,,,,,,,,,,,,,,,,,,,,,,,,,,,,,,,,,,,,818696,
1160,,,,,,,,,,,,,,,,,,,,,,,,,,,,,,,,,,,,,,,,,827166,
1170,,,,,,,,,,,,,,,,,,,,,,,,,,,,,,,,,,,,,,,,,834778,
1180,,,,,,,,,,,,,,,,,,,,,,,,,,,,,,,,,,,,,,,,,843182,
1190,,,,,,,,,,,,,,,,,,,,,,,,,,,,,,,,,,,,,,,,,847670,
1200,,,,,,,,,,,,,,,,,,,,,,,,,,,,,,,,,,,,,,,,,855722,
1210,,,,,,,,,,,,,,,,,,,,,,,,,,,,,,,,,,,,,,,,,861046,
1220,,,,,,,,,,,,,,,,,,,,,,,,,,,,,,,,,,,,,,,,,869516,
1230,,,,,,,,,,,,,,,,,,,,,,,,,,,,,,,,,,,,,,,,,877150,
1240,,,,,,,,,,,,,,,,,,,,,,,,,,,,,,,,,,,,,,,,,881528,
1250,,,,,,,,,,,,,,,,,,,,,,,,,,,,,,,,,,,,,,,,,889734,
1260,,,,,,,,,,,,,,,,,,,,,,,,,,,,,,,,,,,,,,,,,898446,
1270,,,,,,,,,,,,,,,,,,,,,,,,,,,,,,,,,,,,,,,,,904540,
1280,,,,,,,,,,,,,,,,,,,,,,,,,,,,,,,,,,,,,,,,,910986,
1290,,,,,,,,,,,,,,,,,,,,,,,,,,,,,,,,,,,,,,,,,919830,
1300,,,,,,,,,,,,,,,,,,,,,,,,,,,,,,,,,,,,,,,,,928058,
1310,,,,,,,,,,,,,,,,,,,,,,,,,,,,,,,,,,,,,,,,,933360,
1320,,,,,,,,,,,,,,,,,,,,,,,,,,,,,,,,,,,,,,,,,942160,
1330,,,,,,,,,,,,,,,,,,,,,,,,,,,,,,,,,,,,,,,,,950960,
1341,,,,,,,,,,,,,,,,,,,,,,,,,,,,,,,,,,,,,,,,,955888,
1350,,,,,,,,,,,,,,,,,,,,,,,,,,,,,,,,,,,,,,,,,961960,
1360,,,,,,,,,,,,,,,,,,,,,,,,,,,,,,,,,,,,,,,,,967856,
1370,,,,,,,,,,,,,,,,,,,,,,,,,,,,,,,,,,,,,,,,,976194,
1380,,,,,,,,,,,,,,,,,,,,,,,,,,,,,,,,,,,,,,,,,984312,
1390,,,,,,,,,,,,,,,,,,,,,,,,,,,,,,,,,,,,,,,,,992892,
1400,,,,,,,,,,,,,,,,,,,,,,,,,,,,,,,,,,,,,,,,,999118,
1410,,,,,,,,,,,,,,,,,,,,,,,,,,,,,,,,,,,,,,,,,1005168,
1420,,,,,,,,,,,,,,,,,,,,,,,,,,,,,,,,,,,,,,,,,1011966,
1430,,,,,,,,,,,,,,,,,,,,,,,,,,,,,,,,,,,,,,,,,1017730,
1440,,,,,,,,,,,,,,,,,,,,,,,,,,,,,,,,,,,,,,,,,1026068,
1450,,,,,,,,,,,,,,,,,,,,,,,,,,,,,,,,,,,,,,,,,1034362,
1460,,,,,,,,,,,,,,,,,,,,,,,,,,,,,,,,,,,,,,,,,1037838,
1470,,,,,,,,,,,,,,,,,,,,,,,,,,,,,,,,,,,,,,,,,1046154,
1480,,,,,,,,,,,,,,,,,,,,,,,,,,,,,,,,,,,,,,,,,1054338,
1490,,,,,,,,,,,,,,,,,,,,,,,,,,,,,,,,,,,,,,,,,1060036,
1500,,,,,,,,,,,,,,,,,,,,,,,,,,,,,,,,,,,,,,,,,1066438,
1510,,,,,,,,,,,,,,,,,,,,,,,,,,,,,,,,,,,,,,,,,1070684,
1520,,,,,,,,,,,,,,,,,,,,,,,,,,,,,,,,,,,,,,,,,1075920,
1530,,,,,,,,,,,,,,,,,,,,,,,,,,,,,,,,,,,,,,,,,1083994,
1540,,,,,,,,,,,,,,,,,,,,,,,,,,,,,,,,,,,,,,,,,1092200,
1550,,,,,,,,,,,,,,,,,,,,,,,,,,,,,,,,,,,,,,,,,1100472,
1560,,,,,,,,,,,,,,,,,,,,,,,,,,,,,,,,,,,,,,,,,1104696,
1570,,,,,,,,,,,,,,,,,,,,,,,,,,,,,,,,,,,,,,,,,1113034,
1580,,,,,,,,,,,,,,,,,,,,,,,,,,,,,,,,,,,,,,,,,1120272,
1590,,,,,,,,,,,,,,,,,,,,,,,,,,,,,,,,,,,,,,,,,1125200,
1600,,,,,,,,,,,,,,,,,,,,,,,,,,,,,,,,,,,,,,,,,1132856,
1610,,,,,,,,,,,,,,,,,,,,,,,,,,,,,,,,,,,,,,,,,1140996,
1620,,,,,,,,,,,,,,,,,,,,,,,,,,,,,,,,,,,,,,,,,1148124,
1630,,,,,,,,,,,,,,,,,,,,,,,,,,,,,,,,,,,,,,,,,1153206,
1640,,,,,,,,,,,,,,,,,,,,,,,,,,,,,,,,,,,,,,,,,1161258,
1650,,,,,,,,,,,,,,,,,,,,,,,,,,,,,,,,,,,,,,,,,1168584,
1660,,,,,,,,,,,,,,,,,,,,,,,,,,,,,,,,,,,,,,,,,1172830,
1670,,,,,,,,,,,,,,,,,,,,,,,,,,,,,,,,,,,,,,,,,1181168,
1680,,,,,,,,,,,,,,,,,,,,,,,,,,,,,,,,,,,,,,,,,1185568,
1690,,,,,,,,,,,,,,,,,,,,,,,,,,,,,,,,,,,,,,,,,1193598,
1700,,,,,,,,,,,,,,,,,,,,,,,,,,,,,,,,,,,,,,,,,1201848,
1710,,,,,,,,,,,,,,,,,,,,,,,,,,,,,,,,,,,,,,,,,1209064,
1720,,,,,,,,,,,,,,,,,,,,,,,,,,,,,,,,,,,,,,,,,1216434,
1730,,,,,,,,,,,,,,,,,,,,,,,,,,,,,,,,,,,,,,,,,1221406,
1740,,,,,,,,,,,,,,,,,,,,,,,,,,,,,,,,,,,,,,,,,1225960,
1750,,,,,,,,,,,,,,,,,,,,,,,,,,,,,,,,,,,,,,,,,1233748,
1760,,,,,,,,,,,,,,,,,,,,,,,,,,,,,,,,,,,,,,,,,1241888,
1770,,,,,,,,,,,,,,,,,,,,,,,,,,,,,,,,,,,,,,,,,1249324,
1780,,,,,,,,,,,,,,,,,,,,,,,,,,,,,,,,,,,,,,,,,1257376,
1790,,,,,,,,,,,,,,,,,,,,,,,,,,,,,,,,,,,,,,,,,1261974,
