elapsed_secs,rss_mb,wal_mb,redb_mb,disk_total_mb,tombstone_bytes,fp_equiv_mb,hwm_rss_mb,lazyfree_mb,swap_mb,conj_snapshots_total,conj_current_epoch,conj_ceiling,conj_durable_watermark,durable_watermark_lag,claims,claim_lag_p50,claim_lag_p99,claim_lag_max,ret_epochs_claim_only,ret_epochs_durability_only,ret_epochs_both,ret_epochs_neither,ret_refs_claim_only,ret_refs_durability_only,ret_refs_both,ret_refs_neither,ret_stamped_bytes,ret_epochs_unslotted,ret_refs_open_epoch,ret_stamped_bytes_open_epoch,indexed_refs,considered_total,dropped_total,matched_nothing_total,absent_total,bytes_freed_total,removed_refs_observed_total,removed_bytes_observed_total,stamped_bytes_total,file_mb,alloc_live_bytes,alloc_live_mb,alloc_probe_elapsed_s,alloc_probe_seq,je_allocated,je_active,je_resident,je_retained,je_mapped,je_metadata,je_probe_elapsed_s,je_probe_seq,bytes_alloc,bytes_dealloc,anon_mb,private_dirty_mb,pss_mb,anon_huge_mb,smaps_rss_mb,smaps_read_ms
0,600.000,1.000,2.000,3.000,1000,500.000,650.000,10.000,0.000,,,,,,,,,,,,,,,,,,,,,,,,,,,,,,,20.000,100000000,95.367,0,1,,,,,,,,,0,-100000000,510.000,480.000,590.000,100.000,600.000,3
60,600.000,1.000,2.000,3.000,1000,501.000,650.000,10.000,0.000,,,,,,,,,,,,,,,,,,,,,,,,,,,,,,,20.000,100060000,95.425,60,2,,,,,,,,,900000000,799940000,511.000,480.000,590.000,100.000,600.000,3
120,600.000,1.000,2.000,3.000,1000,502.000,650.000,10.000,0.000,,,,,,,,,,,,,,,,,,,,,,,,,,,,,,,20.000,100120000,95.482,120,3,,,,,,,,,1800000000,1699880000,512.000,480.000,590.000,100.000,600.000,3
180,600.000,1.000,2.000,3.000,1000,503.000,650.000,10.000,0.000,,,,,,,,,,,,,,,,,,,,,,,,,,,,,,,20.000,100180000,95.539,180,4,,,,,,,,,2700000000,2599820000,513.000,480.000,590.000,100.000,600.000,3
240,600.000,1.000,2.000,3.000,1000,504.000,650.000,10.000,0.000,,,,,,,,,,,,,,,,,,,,,,,,,,,,,,,20.000,100240000,95.596,240,5,,,,,,,,,3600000000,3499760000,514.000,480.000,590.000,100.000,600.000,3
300,600.000,1.000,2.000,3.000,1000,505.000,650.000,10.000,0.000,,,,,,,,,,,,,,,,,,,,,,,,,,,,,,,20.000,100300000,95.654,300,6,,,,,,,,,4500000000,4399700000,515.000,480.000,590.000,100.000,600.000,3
360,600.000,1.000,2.000,3.000,1000,506.000,650.000,10.000,0.000,,,,,,,,,,,,,,,,,,,,,,,,,,,,,,,20.000,100360000,95.711,360,7,,,,,,,,,5400000000,5299640000,516.000,480.000,590.000,100.000,600.000,3
420,600.000,1.000,2.000,3.000,1000,507.000,650.000,10.000,0.000,,,,,,,,,,,,,,,,,,,,,,,,,,,,,,,20.000,100420000,95.768,420,8,,,,,,,,,6300000000,6199580000,517.000,480.000,590.000,100.000,600.000,3
480,600.000,1.000,2.000,3.000,1000,508.000,650.000,10.000,0.000,,,,,,,,,,,,,,,,,,,,,,,,,,,,,,,20.000,100480000,95.825,480,9,,,,,,,,,7200000000,7099520000,518.000,480.000,590.000,100.000,600.000,3
540,600.000,1.000,2.000,3.000,1000,509.000,650.000,10.000,0.000,,,,,,,,,,,,,,,,,,,,,,,,,,,,,,,20.000,100540000,95.882,540,10,,,,,,,,,8100000000,7999460000,519.000,480.000,590.000,100.000,600.000,3
600,600.000,1.000,2.000,3.000,1000,510.000,650.000,10.000,0.000,,,,,,,,,,,,,,,,,,,,,,,,,,,,,,,20.000,100600000,95.940,600,11,,,,,,,,,9000000000,8899400000,520.000,480.000,590.000,100.000,600.000,3
660,600.000,1.000,2.000,3.000,1000,511.000,650.000,10.000,0.000,,,,,,,,,,,,,,,,,,,,,,,,,,,,,,,20.000,100660000,95.997,660,12,,,,,,,,,9900000000,9799340000,521.000,480.000,590.000,100.000,600.000,3
720,600.000,1.000,2.000,3.000,1000,512.000,650.000,10.000,0.000,,,,,,,,,,,,,,,,,,,,,,,,,,,,,,,20.000,100720000,96.054,720,13,,,,,,,,,10800000000,10699280000,522.000,480.000,590.000,100.000,600.000,3
780,600.000,1.000,2.000,3.000,1000,513.000,650.000,10.000,0.000,,,,,,,,,,,,,,,,,,,,,,,,,,,,,,,20.000,100780000,96.111,780,14,,,,,,,,,11700000000,11599220000,523.000,480.000,590.000,100.000,600.000,3
840,600.000,1.000,2.000,3.000,1000,514.000,650.000,10.000,0.000,,,,,,,,,,,,,,,,,,,,,,,,,,,,,,,20.000,100840000,96.169,840,15,,,,,,,,,12600000000,12499160000,524.000,480.000,590.000,100.000,600.000,3
900,600.000,1.000,2.000,3.000,1000,515.000,650.000,10.000,0.000,,,,,,,,,,,,,,,,,,,,,,,,,,,,,,,20.000,100900000,96.226,900,16,,,,,,,,,13500000000,13399100000,525.000,480.000,590.000,100.000,600.000,3
